nom,nationalite,poste,club,age,annee_naissance,matchs_joues,matchs_titulaire,minutes_jouees,buts,assists,buts_hors_penalty,penalties_marques,xG,npxG,xAG,npxG_plus_xAG,courses_progressives,passes_progressives,receptions_progressives,cartons_jaunes,cartons_rouges,buts_per_90,assists_per_90,buts_hors_penalty_per_90,xG_per_90,xAG_per_90,npxG_per_90,contribution_per_90,npxG_plus_xAG_per_90,contribution_offensive,G_minus_xG,A_minus_xAG,minutes_par_match,pct_titulaire,score_impact
Mohamed Salah,eg EGY,FW,Liverpool,32,1992,38,38,3371,29,18,20,9,25.2,18.2,14.2,32.4,155,144,488,1,0,0.77,0.48,0.53,0.67,0.38,0.49,1.25,0.87,47,3.8,3.8,88.7,100.0,114.9
Alexander Isak,se SWE,FW,Newcastle Utd,24,1999,34,34,2756,23,6,19,4,20.3,17.2,4.3,21.6,83,88,217,1,0,0.75,0.2,0.62,0.66,0.14,0.56,0.95,0.7,29,2.7,1.7,81.1,100.0,72.1
Bryan Mbeumo,cm CMR,FW,Brentford,24,1999,38,38,3414,20,7,15,5,12.3,7.5,8.3,15.9,130,141,351,3,0,0.53,0.18,0.4,0.32,0.22,0.2,0.71,0.42,27,7.7,-1.3,89.8,100.0,77.6
Erling Haaland,no NOR,FW,Manchester City,24,2000,31,31,2736,22,3,19,3,22.0,18.8,3.0,21.8,24,20,124,2,0,0.72,0.1,0.62,0.72,0.1,0.62,0.82,0.72,25,0.0,0.0,88.3,100.0,52.9
Ollie Watkins,eng ENG,FW,Aston Villa,28,1995,38,31,2598,16,8,14,2,15.3,13.8,3.3,17.1,55,31,165,2,0,0.55,0.28,0.48,0.53,0.12,0.48,0.83,0.59,24,0.7,4.7,68.4,81.6,52.6
Cole Palmer,eng ENG,"MF,FW",Chelsea,22,2002,37,36,3191,15,8,11,4,17.3,13.3,10.9,24.2,120,214,187,7,0,0.42,0.23,0.31,0.49,0.31,0.38,0.65,0.68,23,-2.3,-2.9,86.2,97.3,75.4
Yoane Wissa,cd COD,FW,Brentford,27,1996,35,34,2919,19,4,19,0,18.5,18.5,2.6,21.1,60,67,154,5,0,0.59,0.12,0.59,0.57,0.08,0.57,0.71,0.65,23,0.5,1.4,83.4,97.1,56.7
Chris Wood,nz NZL,FW,Nott'ham Forest,32,1991,36,35,2959,20,3,17,3,13.4,11.0,2.6,13.6,14,42,94,1,0,0.61,0.09,0.52,0.41,0.08,0.34,0.7,0.42,23,6.6,0.4,82.2,97.2,50.1
Matheus Cunha,br BRA,"MF,FW",Wolves,25,1999,33,29,2597,15,6,15,0,8.6,8.6,7.7,16.4,112,144,161,4,0,0.52,0.21,0.52,0.3,0.27,0.3,0.73,0.57,21,6.4,-1.7,78.7,87.9,64.6
Jarrod Bowen,eng ENG,"FW,MF",West Ham,27,1996,34,34,2973,13,8,12,1,8.6,7.8,6.8,14.7,109,91,212,1,0,0.39,0.24,0.36,0.26,0.21,0.24,0.64,0.44,21,4.4,1.2,87.4,100.0,58.0
Jacob Murphy,eng ENG,FW,Newcastle Utd,29,1995,35,31,2360,8,12,8,0,5.7,5.7,8.9,14.6,79,83,231,4,0,0.31,0.46,0.31,0.22,0.34,0.22,0.76,0.56,20,2.3,3.1,67.4,88.6,50.2
Bruno Fernandes,pt POR,MF,Manchester Utd,29,1994,36,35,3018,8,10,5,3,9.9,7.6,8.5,16.1,77,325,129,5,2,0.24,0.3,0.15,0.3,0.25,0.23,0.54,0.48,18,-1.9,1.5,83.8,97.2,71.2
Morgan Rogers,eng ENG,"FW,MF",Aston Villa,22,2002,37,37,3114,8,10,8,0,6.6,6.6,7.8,14.4,114,123,188,10,0,0.23,0.29,0.23,0.19,0.23,0.19,0.52,0.42,18,1.4,2.2,84.2,100.0,54.7
Jørgen Strand Larsen,no NOR,FW,Wolves,24,2000,35,30,2587,14,4,14,0,10.3,10.3,3.0,13.3,17,29,112,4,0,0.49,0.14,0.49,0.36,0.1,0.36,0.63,0.46,18,3.7,1.0,73.9,85.7,38.6
Luis Díaz,co COL,FW,Liverpool,27,1997,36,28,2399,13,5,13,0,12.0,12.0,5.0,17.1,108,110,293,2,0,0.49,0.19,0.49,0.45,0.19,0.45,0.68,0.64,18,1.0,0.0,66.6,77.8,55.3
Justin Kluivert,nl NED,MF,Bournemouth,25,1999,34,29,2340,12,6,6,6,10.3,5.6,4.8,10.5,81,105,173,8,0,0.46,0.23,0.23,0.4,0.19,0.22,0.69,0.4,18,1.7,1.2,68.8,85.3,51.6
Anthony Elanga,se SWE,"FW,MF",Nott'ham Forest,22,2002,38,31,2501,6,11,6,0,4.5,4.5,5.7,10.1,102,63,229,1,0,0.22,0.4,0.22,0.16,0.2,0.16,0.61,0.36,17,1.5,5.3,65.8,81.6,45.0
Jean-Philippe Mateta,fr FRA,FW,Crystal Palace,27,1997,37,33,2648,14,2,12,2,13.5,11.9,3.2,15.1,45,52,122,2,0,0.48,0.07,0.41,0.46,0.11,0.41,0.54,0.51,16,0.5,-1.2,71.6,89.2,40.7
James Maddison,eng ENG,MF,Tottenham,27,1996,31,21,1809,9,7,9,0,5.8,5.8,4.2,10.0,45,164,95,6,0,0.45,0.35,0.45,0.29,0.21,0.29,0.8,0.5,16,3.2,2.8,58.4,67.7,49.4
Antoine Semenyo,gh GHA,FW,Bournemouth,24,2000,37,36,3203,11,5,11,0,10.0,10.0,5.8,15.8,140,109,282,9,0,0.31,0.14,0.31,0.28,0.16,0.28,0.45,0.44,16,1.0,-0.8,86.6,97.3,54.4
Eberechi Eze,eng ENG,"MF,FW",Crystal Palace,26,1998,34,31,2588,8,8,7,1,10.5,8.9,6.2,15.1,69,97,153,1,0,0.28,0.28,0.24,0.36,0.22,0.31,0.56,0.53,16,-2.5,1.8,76.1,91.2,44.6
João Pedro,br BRA,"FW,MF",Brighton,22,2001,27,23,1948,10,6,5,5,8.9,5.0,5.0,10.0,66,78,128,4,1,0.46,0.28,0.23,0.41,0.23,0.23,0.74,0.46,16,1.1,1.0,72.1,85.2,43.4
Bukayo Saka,eng ENG,"FW,MF",Arsenal,22,2001,25,20,1729,6,10,5,1,6.8,6.0,7.6,13.7,96,70,255,3,0,0.31,0.52,0.26,0.36,0.4,0.31,0.83,0.71,16,-0.8,2.4,69.2,80.0,43.6
Son Heung-min,kr KOR,FW,Tottenham,32,1992,30,24,2110,7,9,6,1,7.2,5.7,8.2,13.9,96,111,265,1,0,0.3,0.38,0.26,0.31,0.35,0.24,0.68,0.59,16,-0.2,0.8,70.3,80.0,48.2
Nicolas Jackson,sn SEN,FW,Chelsea,23,2001,30,28,2220,10,5,10,0,12.3,12.3,4.3,16.6,47,38,129,7,1,0.41,0.2,0.41,0.5,0.17,0.5,0.61,0.67,15,-2.3,0.7,74.0,93.3,36.0
Raúl Jiménez,mx MEX,FW,Fulham,33,1991,38,30,2494,12,3,9,3,12.0,9.6,3.3,12.9,35,62,125,4,0,0.43,0.11,0.32,0.43,0.12,0.35,0.54,0.47,15,0.0,-0.3,65.6,78.9,38.2
Alex Iwobi,ng NGA,"FW,MF",Fulham,28,1996,38,35,2981,9,6,9,0,4.7,4.7,7.0,11.8,144,213,246,1,0,0.27,0.18,0.27,0.14,0.21,0.14,0.45,0.36,15,4.3,-1.0,78.4,92.1,62.7
Leandro Trossard,be BEL,FW,Arsenal,29,1994,38,28,2546,8,7,8,0,7.2,7.2,6.1,13.3,80,101,226,4,1,0.28,0.25,0.28,0.25,0.22,0.25,0.53,0.47,15,0.8,0.9,67.0,73.7,44.6
Morgan Gibbs-White,eng ENG,MF,Nott'ham Forest,24,2000,34,34,2803,7,8,7,0,6.3,6.3,5.0,11.2,69,164,136,11,1,0.22,0.26,0.22,0.2,0.16,0.2,0.48,0.36,15,0.7,3.0,82.4,100.0,49.3
Ismaila Sarr,sn SEN,MF,Crystal Palace,26,1998,38,30,2711,8,6,8,0,10.7,10.7,8.5,19.2,75,85,183,4,0,0.27,0.2,0.27,0.35,0.28,0.35,0.46,0.64,14,-2.7,-2.5,71.3,78.9,41.0
Brennan Johnson,wls WAL,FW,Tottenham,23,2001,33,24,2177,11,3,11,0,10.4,10.4,2.3,12.7,60,71,197,5,0,0.45,0.12,0.45,0.43,0.09,0.43,0.58,0.52,14,0.6,0.7,66.0,72.7,39.6
Danny Welbeck,eng ENG,FW,Brighton,33,1990,30,24,2115,10,4,9,1,9.6,8.8,1.4,10.1,21,47,95,5,0,0.43,0.17,0.38,0.41,0.06,0.37,0.6,0.43,14,0.4,2.6,70.5,80.0,32.8
Cody Gakpo,nl NED,FW,Liverpool,25,1999,35,23,1935,10,4,10,0,7.1,7.1,4.4,11.5,59,52,278,5,0,0.47,0.19,0.47,0.33,0.2,0.33,0.65,0.53,14,2.9,-0.4,55.3,65.7,37.1
Kaoru Mitoma,jp JPN,"FW,MF",Brighton,27,1997,36,28,2603,10,4,10,0,9.2,9.2,4.6,13.8,146,89,291,1,0,0.35,0.14,0.35,0.32,0.16,0.32,0.48,0.48,14,0.8,-0.6,72.3,77.8,49.5
Amad Diallo,ci CIV,"MF,FW",Manchester Utd,22,2002,26,20,1901,8,6,8,0,4.7,4.7,4.9,9.6,109,60,200,5,0,0.38,0.28,0.38,0.22,0.23,0.22,0.66,0.45,14,3.3,1.1,73.1,76.9,41.9
Liam Delap,eng ENG,FW,Ipswich Town,21,2003,37,32,2593,12,2,10,2,9.3,7.8,1.9,9.7,61,30,110,12,0,0.42,0.07,0.35,0.32,0.07,0.27,0.49,0.34,14,2.7,0.1,70.1,86.5,36.1
Harvey Barnes,eng ENG,FW,Newcastle Utd,26,1997,33,17,1755,9,4,9,0,7.2,7.2,4.0,11.2,93,83,192,0,0,0.46,0.21,0.46,0.37,0.2,0.37,0.67,0.57,13,1.8,0.0,53.2,51.5,41.6
Kevin Schade,de GER,FW,Brentford,22,2001,38,26,2293,11,2,11,0,8.2,8.2,3.7,11.9,61,38,165,3,0,0.43,0.08,0.43,0.32,0.14,0.32,0.51,0.47,13,2.8,-1.7,60.3,68.4,34.9
Enzo Fernández,ar ARG,MF,Chelsea,23,2001,36,32,2947,6,7,6,0,6.1,6.1,6.8,12.9,60,212,126,8,0,0.18,0.21,0.18,0.19,0.21,0.19,0.4,0.39,13,-0.1,0.2,81.9,88.9,49.7
Jamie Vardy,eng ENG,FW,Leicester City,37,1987,35,35,2823,9,4,8,1,11.2,9.6,3.0,12.6,29,22,120,5,0,0.29,0.13,0.26,0.36,0.1,0.31,0.41,0.4,13,-2.2,1.0,80.7,100.0,29.1
Gabriel Martinelli,br BRA,"FW,MF",Arsenal,23,2001,33,25,2290,8,4,8,0,7.4,7.4,5.0,12.4,124,52,289,1,0,0.31,0.16,0.31,0.29,0.19,0.29,0.47,0.49,12,0.6,-1.0,69.4,75.8,39.6
Mikkel Damsgaard,dk DEN,"MF,FW",Brentford,24,2000,38,34,2911,2,10,2,0,2.8,2.8,8.4,11.2,73,234,137,2,0,0.06,0.31,0.06,0.09,0.26,0.09,0.37,0.35,12,-0.8,1.6,76.6,89.5,49.7
Dominic Solanke,eng ENG,FW,Tottenham,26,1997,27,25,2201,9,3,8,1,10.9,10.1,2.9,13.1,31,47,88,0,0,0.37,0.12,0.33,0.45,0.12,0.41,0.49,0.54,12,-1.9,0.1,81.5,92.6,30.3
Kai Havertz,de GER,"FW,MF",Arsenal,25,1999,23,21,1875,9,3,9,0,9.5,9.5,2.4,12.0,35,61,113,5,0,0.43,0.14,0.43,0.46,0.12,0.46,0.58,0.57,12,-0.5,0.6,81.5,91.3,32.1
Dominik Szoboszlai,hu HUN,MF,Liverpool,23,2000,36,29,2491,6,6,6,0,7.3,7.3,7.4,14.7,72,131,127,6,0,0.22,0.22,0.22,0.27,0.27,0.27,0.43,0.53,12,-1.3,-1.4,69.2,80.6,41.3
Evanilson,br BRA,FW,Bournemouth,24,1999,31,28,2319,10,1,10,0,12.5,11.7,1.9,13.6,29,28,99,1,1,0.39,0.04,0.39,0.48,0.07,0.45,0.43,0.53,11,-2.5,-0.9,74.8,90.3,27.2
Kevin De Bruyne,be BEL,"MF,FW",Manchester City,33,1991,28,19,1702,4,7,4,0,5.1,5.1,8.0,13.1,51,157,150,2,0,0.21,0.37,0.21,0.27,0.42,0.27,0.58,0.69,11,-1.1,-1.0,60.8,67.9,39.3
Bruno Guimarães,br BRA,MF,Newcastle Utd,26,1997,38,38,3271,5,6,5,0,4.3,4.3,6.1,10.4,64,271,96,7,0,0.14,0.17,0.14,0.12,0.17,0.12,0.3,0.29,11,0.7,-0.1,86.1,100.0,52.5
Anthony Gordon,eng ENG,"FW,MF",Newcastle Utd,23,2001,34,28,2434,6,5,5,1,8.0,6.5,5.0,11.4,121,98,214,2,0,0.22,0.18,0.18,0.3,0.18,0.24,0.41,0.42,11,-2.0,0.0,71.6,82.4,41.4
Martin Ødegaard,no NOR,MF,Arsenal,25,1998,30,26,2325,3,8,2,1,4.8,4.0,5.4,9.5,92,258,154,4,0,0.12,0.31,0.08,0.19,0.21,0.16,0.43,0.37,11,-1.8,2.6,77.5,86.7,53.0
Declan Rice,eng ENG,MF,Arsenal,25,1999,35,33,2825,4,7,4,0,3.5,3.5,6.6,10.1,90,192,94,7,1,0.13,0.22,0.13,0.11,0.21,0.11,0.35,0.32,11,0.5,0.4,80.7,94.3,46.7
Dango Ouattara,bf BFA,FW,Bournemouth,22,2002,32,21,2005,7,4,7,0,8.4,8.4,5.5,13.8,79,43,191,3,0,0.31,0.18,0.31,0.38,0.25,0.38,0.49,0.62,11,-1.4,-1.5,62.7,65.6,32.2
Rayan Aït-Nouri,dz ALG,DF,Wolves,23,2001,37,37,3109,4,7,4,0,2.7,2.7,5.5,8.2,89,108,176,7,1,0.12,0.2,0.12,0.08,0.16,0.08,0.32,0.24,11,1.3,1.5,84.0,100.0,38.2
Dejan Kulusevski,se SWE,"MF,FW",Tottenham,24,2000,32,27,2389,7,4,7,0,4.2,4.2,6.2,10.4,120,124,210,3,0,0.26,0.15,0.26,0.16,0.23,0.16,0.41,0.39,11,2.8,-2.2,74.7,84.4,44.4
Dwight McNeil,eng ENG,"MF,FW",Everton,24,1999,21,15,1371,4,6,4,0,1.1,1.1,5.2,6.3,38,69,80,1,0,0.26,0.39,0.26,0.07,0.34,0.07,0.66,0.41,10,2.9,0.8,65.3,71.4,27.7
Antonee Robinson,us USA,DF,Fulham,26,1997,36,35,3167,0,10,0,0,0.7,0.7,4.2,4.9,118,131,274,8,0,0.0,0.28,0.0,0.02,0.12,0.02,0.28,0.14,10,-0.7,5.8,88.0,97.2,39.9
Youri Tielemans,be BEL,MF,Aston Villa,27,1997,36,35,3026,3,7,3,0,3.3,2.5,7.0,9.5,39,235,48,4,0,0.09,0.21,0.09,0.1,0.21,0.07,0.3,0.28,10,-0.3,0.0,84.1,97.2,43.9
Pedro Neto,pt POR,FW,Chelsea,24,2000,35,24,2269,4,6,4,0,3.5,3.5,6.7,10.2,126,60,253,8,0,0.16,0.24,0.16,0.14,0.27,0.14,0.4,0.4,10,0.5,-0.7,64.8,68.6,35.6
Tomáš Souček,cz CZE,MF,West Ham,29,1995,35,30,2567,9,1,9,0,6.7,6.7,1.0,7.8,9,74,68,8,0,0.32,0.04,0.32,0.24,0.04,0.24,0.35,0.27,10,2.3,0.0,73.3,85.7,27.8
Yankuba Minteh,gm GAM,"FW,MF",Brighton,20,2004,32,20,1838,6,4,6,0,4.1,4.1,5.0,9.1,90,48,201,6,0,0.29,0.2,0.29,0.2,0.24,0.2,0.49,0.44,10,1.9,-1.0,57.4,62.5,31.8
Alexis Mac Allister,ar ARG,MF,Liverpool,25,1998,35,30,2599,5,5,5,0,2.8,2.8,4.7,7.5,36,177,80,6,0,0.17,0.17,0.17,0.1,0.16,0.1,0.35,0.26,10,2.2,0.3,74.3,85.7,38.8
Noni Madueke,eng ENG,FW,Chelsea,22,2002,32,27,2033,7,3,7,0,9.6,9.6,4.2,13.9,154,69,226,3,0,0.31,0.13,0.31,0.43,0.19,0.43,0.44,0.61,10,-2.6,-1.2,63.5,84.4,40.8
Rodrigo Muniz,br BRA,FW,Fulham,23,2001,31,8,964,8,1,8,0,5.8,5.8,0.7,6.5,6,27,31,1,0,0.75,0.09,0.75,0.54,0.07,0.54,0.84,0.61,9,2.2,0.3,31.1,25.8,20.8
Mikel Merino,es ESP,"MF,FW",Arsenal,28,1996,28,17,1586,7,2,7,0,5.9,5.9,2.0,7.9,11,69,94,4,1,0.4,0.11,0.4,0.34,0.11,0.34,0.51,0.45,9,1.1,0.0,56.6,60.7,25.0
Phil Foden,eng ENG,"MF,FW",Manchester City,24,2000,28,20,1777,7,2,7,0,5.2,5.2,4.8,9.9,50,103,128,2,0,0.35,0.1,0.35,0.26,0.24,0.26,0.46,0.5,9,1.8,-2.8,63.5,71.4,32.3
Trent Alexander-Arnold,eng ENG,DF,Liverpool,25,1998,33,28,2365,3,6,3,0,1.9,1.9,7.3,9.2,51,232,94,5,0,0.11,0.23,0.11,0.07,0.28,0.07,0.34,0.35,9,1.1,-1.3,71.7,84.8,43.3
Daniel Muñoz,co COL,DF,Crystal Palace,28,1996,37,37,3228,4,5,4,0,4.9,4.9,5.5,10.5,62,97,206,10,0,0.11,0.14,0.11,0.14,0.15,0.14,0.25,0.29,9,-0.9,-0.5,87.2,100.0,31.4
Emile Smith Rowe,eng ENG,MF,Fulham,24,2000,34,25,2043,6,3,6,0,4.5,4.5,1.4,6.0,53,126,127,3,0,0.26,0.13,0.26,0.2,0.06,0.2,0.4,0.26,9,1.5,1.6,60.1,73.5,34.4
Iliman Ndiaye,sn SEN,FW,Everton,24,2000,33,29,2430,9,0,7,2,6.2,4.7,1.9,6.5,86,59,122,3,0,0.33,0.0,0.26,0.23,0.07,0.17,0.33,0.24,9,2.8,-1.9,73.6,87.9,32.5
Jeremy Doku,be BEL,"FW,MF",Manchester City,22,2002,29,16,1516,3,6,3,0,1.3,1.3,4.8,6.1,213,69,286,1,0,0.18,0.36,0.18,0.08,0.29,0.08,0.53,0.36,9,1.7,1.2,52.3,55.2,43.2
Christian Nørgaard,dk DEN,MF,Brentford,30,1994,34,34,2819,5,4,5,0,4.3,4.3,1.3,5.6,14,154,42,8,1,0.16,0.13,0.16,0.14,0.04,0.14,0.29,0.18,9,0.7,2.7,82.9,100.0,32.8
Adama Traoré,es ESP,"FW,MF",Fulham,28,1996,36,18,1772,2,7,2,0,4.0,4.0,4.9,8.9,100,68,161,3,0,0.1,0.36,0.1,0.2,0.25,0.2,0.46,0.45,9,-2.0,2.1,49.2,50.0,31.3
Jean-Ricner Bellegarde,fr FRA,"MF,FW",Wolves,26,1998,35,20,1677,2,7,2,0,1.5,1.5,3.8,5.3,52,43,89,3,0,0.11,0.38,0.11,0.08,0.2,0.08,0.48,0.29,9,0.5,3.2,47.9,57.1,24.0
Diogo Jota,pt POR,FW,Liverpool,27,1996,26,14,1196,6,3,6,0,7.9,7.9,1.8,9.8,37,34,88,2,0,0.45,0.23,0.45,0.6,0.14,0.6,0.68,0.74,9,-1.9,1.2,46.0,53.8,23.6
Sávio,br BRA,"FW,MF",Manchester City,20,2004,29,21,1766,1,8,1,0,5.0,5.0,6.9,11.9,137,67,246,3,0,0.05,0.41,0.05,0.26,0.35,0.26,0.46,0.61,9,-4.0,1.1,60.9,72.4,34.4
Pedro Porro,es ESP,DF,Tottenham,24,1999,33,28,2610,2,6,2,0,1.6,1.6,5.0,6.6,65,154,109,5,0,0.07,0.21,0.07,0.05,0.17,0.05,0.28,0.23,8,0.4,1.0,79.1,84.8,34.9
Elliot Anderson,eng ENG,MF,Nott'ham Forest,21,2002,37,33,2728,2,6,2,0,2.1,2.1,3.3,5.4,52,143,95,10,0,0.07,0.2,0.07,0.07,0.11,0.07,0.26,0.18,8,-0.1,2.7,73.7,89.2,32.5
Bernardo Silva,pt POR,"MF,FW",Manchester City,29,1994,33,29,2670,4,4,4,0,3.9,3.9,5.1,9.0,101,134,200,7,0,0.13,0.13,0.13,0.13,0.17,0.13,0.27,0.3,8,0.1,-1.1,80.9,87.9,37.5
Alejandro Garnacho,ar ARG,"MF,FW",Manchester Utd,20,2004,36,23,2199,6,2,6,0,7.3,7.3,4.5,11.8,141,56,290,3,0,0.25,0.08,0.25,0.3,0.19,0.3,0.33,0.48,8,-1.3,-2.5,61.1,63.9,34.7
Mateo Kovačić,hr CRO,MF,Manchester City,30,1994,31,25,2198,6,2,6,0,1.9,1.9,3.6,5.5,56,164,16,5,1,0.25,0.08,0.25,0.08,0.15,0.08,0.33,0.23,8,4.1,-1.6,70.9,80.6,37.0
Beto,gw GNB,FW,Everton,26,1998,30,15,1534,8,0,8,0,8.2,8.2,1.2,9.4,15,16,77,2,0,0.47,0.0,0.47,0.48,0.07,0.48,0.47,0.55,8,-0.2,-1.2,51.1,50.0,19.1
Marcus Tavernier,eng ENG,"FW,MF",Bournemouth,25,1999,29,20,1939,3,5,3,0,5.5,5.5,4.0,9.5,53,128,129,6,0,0.14,0.23,0.14,0.25,0.19,0.25,0.37,0.44,8,-2.5,1.0,66.9,69.0,31.6
Georginio Rutter,fr FRA,"MF,FW",Brighton,22,2002,28,19,1656,5,3,5,0,4.6,4.6,2.5,7.1,42,67,79,2,0,0.27,0.16,0.27,0.25,0.14,0.25,0.43,0.39,8,0.4,0.5,59.1,67.9,25.4
Mohammed Kudus,gh GHA,"FW,MF",West Ham,23,2000,32,31,2590,5,3,5,0,6.9,6.9,3.1,10.0,98,79,216,2,1,0.17,0.1,0.17,0.24,0.11,0.24,0.28,0.35,8,-1.9,-0.1,80.9,96.9,32.2
Jadon Sancho,eng ENG,FW,Chelsea,24,2000,31,19,1764,3,4,3,0,2.2,2.2,3.7,5.8,102,90,225,2,0,0.15,0.2,0.15,0.11,0.19,0.11,0.36,0.3,7,0.8,0.3,56.9,61.3,31.2
Milos Kerkez,hu HUN,DF,Bournemouth,20,2003,38,38,3336,2,5,2,0,0.6,0.5,3.9,4.4,106,159,197,4,0,0.05,0.13,0.05,0.02,0.1,0.01,0.19,0.12,7,1.4,1.1,87.8,100.0,38.0
Darwin Núñez,uy URU,FW,Liverpool,25,1999,30,8,1133,5,2,5,0,5.8,5.8,1.3,7.1,23,27,78,8,0,0.4,0.16,0.4,0.46,0.1,0.46,0.56,0.57,7,-0.8,0.7,37.8,26.7,18.0
Joelinton,br BRA,"MF,FW",Newcastle Utd,27,1996,29,29,2393,4,3,4,0,3.9,3.9,2.5,6.4,40,116,110,10,0,0.15,0.11,0.15,0.15,0.09,0.15,0.26,0.24,7,0.1,0.5,82.5,100.0,28.1
Matheus Nunes,pt POR,"DF,MF",Manchester City,25,1998,26,19,1674,1,6,1,0,1.2,1.2,4.4,5.6,63,79,175,4,0,0.05,0.32,0.05,0.07,0.23,0.07,0.38,0.3,7,-0.2,1.6,64.4,73.1,25.2
Jáder Durán,co COL,FW,Aston Villa,20,2003,20,4,638,7,0,7,0,4.9,4.9,0.2,5.1,7,13,44,3,1,0.99,0.0,0.99,0.69,0.03,0.69,0.99,0.71,7,2.1,-0.2,31.9,20.0,16.0
Facundo Buonanotte,ar ARG,"FW,MF",Leicester City,19,2004,31,14,1523,5,2,5,0,3.9,3.9,3.1,7.0,39,54,74,8,0,0.3,0.12,0.3,0.23,0.18,0.23,0.41,0.41,7,1.1,-1.1,49.1,45.2,22.3
Aaron Wan-Bissaka,eng ENG,DF,West Ham,26,1997,36,35,3154,2,5,2,0,1.2,1.2,3.5,4.7,110,149,167,1,0,0.06,0.14,0.06,0.03,0.1,0.03,0.2,0.14,7,0.8,1.5,87.6,97.2,37.4
Callum Hudson-Odoi,eng ENG,"FW,MF",Nott'ham Forest,23,2000,31,25,2194,5,2,5,0,2.5,2.5,2.7,5.2,130,71,189,2,0,0.21,0.08,0.21,0.1,0.11,0.1,0.29,0.21,7,2.5,-0.7,70.8,80.6,33.1
Jack Hinshelwood,eng ENG,"MF,DF",Brighton,19,2005,26,22,1842,5,2,5,0,2.7,2.7,1.5,4.2,19,68,54,5,0,0.24,0.1,0.24,0.13,0.07,0.13,0.34,0.21,7,2.3,0.5,70.8,84.6,21.7
Nikola Milenković,rs SRB,DF,Nott'ham Forest,26,1997,37,37,3330,5,2,5,0,4.0,4.0,1.1,5.1,3,51,6,4,0,0.14,0.05,0.14,0.11,0.03,0.11,0.19,0.14,7,1.0,0.9,90.0,100.0,18.4
Omar Marmoush,eg EGY,"FW,MF",Manchester City,25,1999,16,14,1175,7,0,7,0,5.5,5.5,2.8,8.3,29,37,78,0,0,0.54,0.0,0.54,0.42,0.21,0.42,0.54,0.64,7,1.5,-2.8,73.4,87.5,20.6
İlkay Gündoğan,de GER,MF,Manchester City,33,1990,33,25,2223,1,6,1,0,3.2,3.2,3.5,6.7,64,127,96,1,0,0.04,0.24,0.04,0.13,0.14,0.13,0.28,0.27,7,-2.2,2.5,67.4,75.8,30.1
Harry Wilson,wls WAL,"FW,MF",Fulham,27,1997,25,12,1162,6,1,6,0,4.2,4.2,1.1,5.3,22,51,96,2,0,0.46,0.08,0.46,0.33,0.09,0.33,0.54,0.41,7,1.8,-0.1,46.5,48.0,20.8
Gonçalo Guedes,pt POR,"MF,FW",Wolves,27,1996,29,10,995,2,4,2,0,3.2,3.2,1.3,4.5,41,40,79,1,0,0.18,0.36,0.18,0.29,0.11,0.29,0.54,0.4,6,-1.2,2.7,34.3,34.5,18.1
Mateus Fernandes,pt POR,MF,Southampton,20,2004,36,34,2909,2,4,2,0,4.0,4.0,3.0,7.0,76,145,108,8,0,0.06,0.12,0.06,0.12,0.09,0.12,0.19,0.22,6,-2.0,1.0,80.8,94.4,32.1
Ryan Sessegnon,eng ENG,"FW,DF",Fulham,24,2000,16,7,580,4,2,4,0,1.6,1.6,1.1,2.7,18,22,59,1,0,0.62,0.31,0.62,0.25,0.17,0.25,0.93,0.42,6,2.4,0.9,36.2,43.8,15.0
Ethan Nwaneri,eng ENG,"FW,MF",Arsenal,17,2007,26,11,895,4,2,4,0,1.2,1.2,1.2,2.4,46,33,113,1,0,0.4,0.2,0.4,0.12,0.12,0.12,0.6,0.24,6,2.8,0.8,34.4,42.3,18.9
Sandro Tonali,it ITA,MF,Newcastle Utd,24,2000,36,28,2630,4,2,4,0,4.4,4.4,2.2,6.6,37,128,53,5,0,0.14,0.07,0.14,0.15,0.07,0.15,0.21,0.22,6,-0.4,-0.2,73.1,77.8,27.5
Curtis Jones,eng ENG,"MF,DF",Liverpool,23,2001,33,19,1712,3,3,3,0,4.3,4.3,1.1,5.4,30,117,79,3,1,0.16,0.16,0.16,0.23,0.06,0.23,0.32,0.29,6,-1.3,1.9,51.9,57.6,25.2
Andreas Pereira,br BRA,MF,Fulham,28,1996,33,25,2013,2,4,2,0,3.8,3.0,4.6,7.6,29,104,81,7,0,0.09,0.18,0.09,0.17,0.21,0.14,0.27,0.34,6,-1.8,-0.6,61.0,75.8,23.3
Marc Cucurella,es ESP,DF,Chelsea,26,1998,36,33,2988,5,1,5,0,2.8,2.8,2.1,4.9,35,118,117,10,1,0.15,0.03,0.15,0.08,0.06,0.08,0.18,0.15,6,2.2,-1.1,83.0,91.7,26.8
Thomas Partey,gh GHA,"MF,DF",Arsenal,31,1993,35,31,2797,4,2,4,0,2.3,2.3,2.1,4.3,36,185,48,4,0,0.13,0.06,0.13,0.07,0.07,0.07,0.19,0.14,6,1.7,-0.1,79.9,88.6,33.1
Stephy Mavididi,eng ENG,FW,Leicester City,26,1998,30,16,1615,4,1,4,0,1.8,1.8,2.6,4.4,91,57,138,2,0,0.22,0.06,0.22,0.1,0.15,0.1,0.28,0.25,5,2.2,-1.6,53.8,53.3,24.3
Jordan Ayew,gh GHA,"FW,MF",Leicester City,32,1991,30,19,1638,5,0,4,1,3.2,2.4,1.1,3.5,49,46,86,5,0,0.27,0.0,0.22,0.17,0.06,0.13,0.27,0.19,5,1.8,-1.1,54.6,63.3,19.5
Pablo Sarabia,es ESP,"MF,FW",Wolves,32,1992,23,7,814,3,2,3,0,2.9,2.9,1.8,4.6,15,60,62,3,0,0.33,0.22,0.33,0.32,0.19,0.32,0.55,0.51,5,0.1,0.2,35.4,30.4,16.5
Wilfred Ndidi,ng NGA,MF,Leicester City,27,1996,28,28,2324,0,5,0,0,2.0,2.0,1.9,3.9,18,70,75,8,0,0.0,0.19,0.0,0.08,0.07,0.08,0.19,0.15,5,-2.0,3.1,83.0,100.0,16.3
Ryan Christie,sct SCO,MF,Bournemouth,29,1995,29,27,2117,2,3,2,0,1.8,1.8,3.5,5.4,34,137,44,9,0,0.09,0.13,0.09,0.08,0.15,0.08,0.21,0.23,5,0.2,-0.5,73.0,93.1,25.6
Bilal El Khannouss,ma MAR,"MF,FW",Leicester City,20,2004,32,27,2182,2,3,2,0,1.3,1.3,4.6,5.8,73,128,89,4,0,0.08,0.12,0.08,0.05,0.19,0.05,0.21,0.24,5,0.7,-1.6,68.2,84.4,28.6
Niclas Füllkrug,de GER,FW,West Ham,31,1993,18,6,790,3,2,3,0,2.2,2.2,1.9,4.1,7,14,31,2,0,0.34,0.23,0.34,0.25,0.22,0.25,0.57,0.46,5,0.8,0.1,43.9,33.3,11.1
Carlos Alcaraz,ar ARG,"FW,MF",Everton,21,2002,15,7,764,2,3,2,0,1.7,1.7,1.6,3.4,19,42,21,4,0,0.24,0.35,0.24,0.2,0.19,0.2,0.59,0.4,5,0.3,1.4,50.9,46.7,14.6
Pape Matar Sarr,sn SEN,MF,Tottenham,21,2002,36,22,1913,3,2,3,0,3.7,3.7,1.6,5.3,33,88,53,6,0,0.14,0.09,0.14,0.17,0.08,0.17,0.24,0.25,5,-0.7,0.4,53.1,61.1,21.1
Christopher Nkunku,fr FRA,FW,Chelsea,26,1997,27,9,921,3,2,3,0,4.8,4.8,2.1,6.9,17,25,68,2,0,0.29,0.2,0.29,0.47,0.21,0.47,0.49,0.67,5,-1.8,-0.1,34.1,33.3,13.2
Brajan Gruda,de GER,"MF,FW",Brighton,20,2004,21,8,687,1,4,1,0,1.2,1.2,2.1,3.3,22,26,57,0,0,0.13,0.52,0.13,0.16,0.28,0.16,0.66,0.43,5,-0.2,1.9,32.7,38.1,12.8
Marc Guéhi,eng ENG,DF,Crystal Palace,24,2000,34,34,3059,3,2,3,0,2.0,2.0,1.8,3.7,22,134,10,9,1,0.09,0.06,0.09,0.06,0.05,0.06,0.15,0.11,5,1.0,0.2,90.0,100.0,24.6
Abdoulaye Doucouré,ml MLI,MF,Everton,31,1993,33,31,2564,3,2,3,0,4.1,4.1,2.4,6.6,42,82,96,5,1,0.11,0.07,0.11,0.15,0.09,0.15,0.18,0.23,5,-1.1,-0.4,77.7,93.9,21.4
Paul Onuachu,ng NGA,FW,Southampton,30,1994,25,11,1050,4,1,4,0,3.6,3.6,0.5,4.1,7,13,40,4,0,0.34,0.09,0.34,0.31,0.04,0.31,0.43,0.35,5,0.4,0.5,42.0,44.0,11.5
Julio Enciso,py PAR,"MF,FW",Ipswich Town,20,2004,13,12,869,2,3,2,0,1.7,1.7,1.4,3.1,23,28,44,3,0,0.21,0.31,0.21,0.18,0.14,0.18,0.52,0.32,5,0.3,1.6,66.8,92.3,13.6
Joško Gvardiol,hr CRO,DF,Manchester City,22,2002,37,36,3277,5,0,5,0,4.6,4.3,2.1,6.3,91,264,121,2,0,0.14,0.0,0.14,0.13,0.06,0.12,0.14,0.17,5,0.4,-2.1,88.6,97.3,45.5
Marcus Rashford,eng ENG,"FW,MF",Manchester Utd,26,1997,15,12,978,4,1,4,0,1.7,1.7,2.1,3.8,20,21,79,2,0,0.37,0.09,0.37,0.16,0.19,0.16,0.46,0.35,5,2.3,-1.1,65.2,80.0,13.6
Nathan Collins,ie IRL,DF,Brentford,23,2001,38,38,3420,2,3,2,0,2.5,2.5,1.8,4.3,32,127,18,5,0,0.05,0.08,0.05,0.07,0.05,0.07,0.13,0.11,5,-0.5,1.2,90.0,100.0,24.4
Richarlison,br BRA,FW,Tottenham,27,1997,15,4,504,4,1,4,0,3.7,3.7,0.9,4.6,8,11,22,2,0,0.71,0.18,0.71,0.66,0.16,0.66,0.89,0.82,5,0.3,0.1,33.6,26.7,11.4
Omari Hutchinson,eng ENG,"MF,FW",Ipswich Town,20,2003,31,30,2583,3,2,3,0,2.9,2.9,3.5,6.4,97,75,159,5,0,0.1,0.07,0.1,0.1,0.12,0.1,0.17,0.22,5,0.1,-1.5,83.3,96.8,26.2
Dean Huijsen,es ESP,DF,Bournemouth,19,2005,32,26,2427,3,2,3,0,1.9,1.9,2.0,3.9,41,132,10,10,0,0.11,0.07,0.11,0.07,0.08,0.07,0.19,0.14,5,1.1,0.0,75.8,81.2,26.3
John McGinn,sct SCO,"MF,FW",Aston Villa,29,1994,34,27,2223,1,4,1,0,3.1,2.8,3.5,6.3,32,103,87,7,0,0.04,0.16,0.04,0.13,0.14,0.11,0.2,0.26,5,-2.1,0.5,65.4,79.4,21.5
Tyrick Mitchell,eng ENG,DF,Crystal Palace,24,1999,37,37,3092,0,5,0,0,1.3,1.3,6.4,7.7,63,70,171,2,0,0.0,0.15,0.0,0.04,0.19,0.04,0.15,0.22,5,-1.3,-1.4,83.6,100.0,20.8
Mats Wieffer,nl NED,"DF,MF",Brighton,24,1999,25,10,1015,1,3,1,0,0.8,0.8,1.6,2.4,18,62,23,6,0,0.09,0.27,0.09,0.07,0.14,0.07,0.35,0.21,4,0.2,1.4,40.6,40.0,14.5
Neco Williams,wls WAL,DF,Nott'ham Forest,23,2001,35,28,2594,1,3,1,0,2.3,2.3,1.6,3.9,68,89,103,7,0,0.03,0.1,0.03,0.08,0.05,0.08,0.14,0.13,4,-1.3,1.4,74.1,80.0,22.2
Adam Armstrong,eng ENG,"FW,MF",Southampton,27,1997,20,15,1248,2,2,2,0,3.3,2.3,1.2,3.5,25,21,79,4,0,0.14,0.14,0.14,0.24,0.09,0.17,0.29,0.25,4,-1.3,0.8,62.4,75.0,11.6
Gabriel Magalhães,br BRA,DF,Arsenal,26,1997,28,28,2363,3,1,3,0,2.6,2.6,0.9,3.5,10,126,11,4,0,0.11,0.04,0.11,0.1,0.03,0.1,0.15,0.13,4,0.4,0.1,84.4,100.0,21.1
Dominic Calvert-Lewin,eng ENG,FW,Everton,27,1997,26,19,1609,3,1,3,0,6.7,6.7,0.6,7.4,23,20,112,2,0,0.17,0.06,0.17,0.38,0.04,0.38,0.22,0.41,4,-3.7,0.4,61.9,73.1,11.8
Sammie Szmodics,ie IRL,"FW,MF",Ipswich Town,28,1995,20,13,992,4,0,4,0,3.4,3.4,0.2,3.6,16,19,47,2,0,0.36,0.0,0.36,0.31,0.02,0.31,0.36,0.33,4,0.6,-0.2,49.6,65.0,11.5
Marco Asensio,es ESP,MF,Aston Villa,28,1996,13,9,743,3,1,3,0,4.4,2.9,1.0,3.8,22,45,38,2,0,0.36,0.12,0.36,0.54,0.12,0.35,0.48,0.47,4,-1.4,0.0,57.2,69.2,14.2
João Gomes,br BRA,MF,Wolves,23,2001,36,35,2974,3,1,3,0,2.9,2.9,1.2,4.1,59,165,76,11,1,0.09,0.03,0.09,0.09,0.04,0.09,0.12,0.12,4,0.1,-0.2,82.6,97.2,29.9
Keane Lewis-Potter,eng ENG,"DF,FW",Brentford,23,2001,38,36,3093,1,3,1,0,3.1,3.1,3.2,6.3,98,98,156,7,0,0.03,0.09,0.03,0.09,0.09,0.09,0.12,0.18,4,-2.1,-0.2,81.4,94.7,26.1
Mario Lemina,ga GAB,"MF,DF",Wolves,30,1993,17,15,1364,1,3,1,0,1.4,1.4,1.1,2.5,8,48,21,4,0,0.07,0.2,0.07,0.09,0.07,0.09,0.26,0.17,4,-0.4,1.9,80.2,88.2,12.1
Tariq Lamptey,gh GHA,DF,Brighton,23,2000,15,10,860,2,2,2,0,0.4,0.4,0.8,1.2,32,14,45,0,0,0.21,0.21,0.21,0.04,0.08,0.04,0.42,0.12,4,1.6,1.2,57.3,66.7,11.6
Carlos Baleba,cm CMR,MF,Brighton,20,2004,34,31,2661,3,1,3,0,3.1,3.1,1.3,4.4,43,118,29,8,1,0.1,0.03,0.1,0.1,0.05,0.1,0.14,0.15,4,-0.1,-0.3,78.3,91.2,23.6
Ross Barkley,eng ENG,MF,Aston Villa,30,1993,20,3,581,3,1,3,0,1.8,1.8,0.6,2.4,15,36,10,3,0,0.46,0.15,0.46,0.27,0.1,0.27,0.62,0.37,4,1.2,0.4,29.0,15.0,12.6
Ryan Gravenberch,nl NED,MF,Liverpool,22,2002,37,37,3160,0,4,0,0,1.1,1.1,3.1,4.2,70,181,55,6,1,0.0,0.11,0.0,0.03,0.09,0.03,0.11,0.12,4,-1.1,0.9,85.4,100.0,31.1
James Justin,eng ENG,DF,Leicester City,26,1998,36,34,2912,2,2,2,0,1.5,1.5,0.8,2.3,39,91,96,6,0,0.06,0.06,0.06,0.05,0.03,0.05,0.12,0.07,4,0.5,1.2,80.9,94.4,20.0
Fabian Schär,ch SUI,DF,Newcastle Utd,32,1991,34,33,2934,4,0,4,0,3.7,3.7,0.4,4.1,18,118,22,9,1,0.12,0.0,0.12,0.11,0.01,0.11,0.12,0.13,4,0.3,-0.4,86.3,97.1,21.6
Lewis Cook,eng ENG,"MF,DF",Bournemouth,27,1997,36,32,2978,1,3,1,0,0.9,0.9,4.1,5.1,33,158,52,8,1,0.03,0.09,0.03,0.03,0.12,0.03,0.12,0.15,4,0.1,-1.1,82.7,88.9,25.6
Vitaly Janelt,de GER,MF,Brentford,26,1998,32,27,2254,1,3,1,0,0.8,0.8,2.2,3.0,17,80,38,3,0,0.04,0.12,0.04,0.03,0.09,0.03,0.16,0.12,4,0.2,0.8,70.4,84.4,16.2
Lewis Hall,eng ENG,DF,Newcastle Utd,19,2004,27,24,2189,0,4,0,0,0.4,0.4,4.3,4.7,41,123,80,3,0,0.0,0.16,0.0,0.02,0.18,0.02,0.16,0.19,4,-0.4,-0.3,81.1,88.9,22.4
Nélson Semedo,pt POR,DF,Wolves,30,1993,34,32,2886,0,4,0,0,0.9,0.9,2.8,3.7,67,80,119,8,0,0.0,0.12,0.0,0.03,0.09,0.03,0.12,0.12,4,-0.9,1.2,84.9,94.1,20.7
Rasmus Højlund,dk DEN,FW,Manchester Utd,21,2003,32,23,2004,4,0,4,0,5.3,5.3,1.8,7.1,28,18,101,2,0,0.18,0.0,0.18,0.24,0.08,0.24,0.18,0.32,4,-1.3,-1.8,62.6,71.9,12.6
Jota Silva,pt POR,"FW,MF",Nott'ham Forest,24,1999,31,5,854,3,1,3,0,2.1,2.1,2.9,5.0,21,18,59,5,0,0.32,0.11,0.32,0.22,0.3,0.22,0.42,0.53,4,0.9,-1.9,27.5,16.1,11.4
Ederson,br BRA,GK,Manchester City,30,1993,26,26,2320,0,4,0,0,0.0,0.0,1.5,1.5,0,2,0,4,0,0.0,0.16,0.0,0.0,0.06,0.0,0.16,0.06,4,0.0,2.5,89.2,100.0,6.2
George Hirst,sct SCO,FW,Ipswich Town,25,1999,26,5,661,3,1,3,0,2.1,2.1,0.3,2.5,9,13,31,3,0,0.41,0.14,0.41,0.29,0.05,0.29,0.54,0.34,4,0.9,0.7,25.4,19.2,9.7
Lucas Digne,fr FRA,DF,Aston Villa,31,1993,32,28,2351,0,4,0,0,0.8,0.8,4.7,5.5,23,57,142,4,0,0.0,0.15,0.0,0.03,0.18,0.03,0.15,0.21,4,-0.8,-0.7,73.5,87.5,14.0
Jurriën Timber,nl NED,DF,Arsenal,23,2001,30,27,2417,1,3,1,0,1.2,1.2,0.8,2.1,57,146,104,7,0,0.04,0.11,0.04,0.05,0.03,0.05,0.15,0.08,4,-0.2,2.2,80.6,90.0,26.8
Joshua Zirkzee,nl NED,"FW,MF",Manchester Utd,23,2001,32,14,1402,3,1,3,0,4.8,4.8,1.5,6.3,14,44,69,2,0,0.19,0.06,0.19,0.31,0.1,0.31,0.26,0.41,4,-1.8,-0.5,43.8,43.8,13.3
Jack Clarke,eng ENG,"FW,MF",Ipswich Town,23,2000,32,12,1181,0,4,0,0,1.2,1.2,2.3,3.5,39,44,57,2,0,0.0,0.3,0.0,0.09,0.17,0.09,0.3,0.26,4,-1.2,1.7,36.9,37.5,14.3
Ashley Young,eng ENG,DF,Everton,39,1985,32,19,1875,1,3,1,0,0.3,0.3,2.3,2.6,24,90,32,7,1,0.05,0.14,0.05,0.01,0.11,0.01,0.19,0.12,4,0.7,0.7,58.6,59.4,17.9
Simon Adingra,ci CIV,"FW,MF",Brighton,22,2002,29,12,1097,2,2,2,0,2.5,2.5,2.5,4.9,50,18,136,0,0,0.16,0.16,0.16,0.2,0.2,0.2,0.33,0.4,4,-0.5,-0.5,37.8,41.4,13.8
Marcus Rashford,eng ENG,FW,Aston Villa,26,1997,10,4,444,2,2,1,1,3.1,2.3,2.3,4.5,22,13,42,0,0,0.41,0.41,0.2,0.62,0.46,0.46,0.81,0.92,4,-1.1,-0.3,44.4,40.0,10.5
Jacob Ramsey,eng ENG,"FW,MF",Aston Villa,23,2001,29,19,1623,1,3,1,0,1.6,1.6,2.3,3.9,61,68,114,4,1,0.06,0.17,0.06,0.09,0.13,0.09,0.22,0.22,4,-0.6,0.7,56.0,65.5,19.4
Eddie Nketiah,eng ENG,"FW,MF",Crystal Palace,25,1999,29,9,1034,3,1,3,0,5.8,5.8,1.7,7.4,41,19,79,6,1,0.26,0.09,0.26,0.5,0.15,0.5,0.35,0.65,4,-2.8,-0.7,35.7,31.0,13.5
Lucas Paquetá,br BRA,"MF,FW",West Ham,26,1997,33,27,2380,4,0,2,2,5.3,3.7,3.1,6.8,26,155,85,10,0,0.15,0.0,0.08,0.2,0.12,0.14,0.15,0.26,4,-1.3,-3.1,72.1,81.8,26.1
Virgil van Dijk,nl NED,DF,Liverpool,33,1991,37,37,3330,3,1,3,0,2.2,2.2,0.7,3.0,22,198,6,5,0,0.08,0.03,0.08,0.06,0.02,0.06,0.11,0.08,4,0.8,0.3,90.0,100.0,29.5
Matt O'Riley,dk DEN,MF,Brighton,23,2000,21,11,938,2,2,1,1,2.8,2.0,2.4,4.4,22,38,52,1,0,0.19,0.19,0.1,0.27,0.23,0.2,0.38,0.42,4,-0.8,-0.4,44.7,52.4,13.0
Riccardo Calafiori,it ITA,DF,Arsenal,22,2002,19,11,983,2,1,2,0,0.9,0.9,0.3,1.1,22,54,29,4,0,0.18,0.09,0.18,0.08,0.03,0.08,0.27,0.11,3,1.1,0.7,51.7,57.9,13.1
Idrissa Gana Gueye,sn SEN,MF,Everton,34,1989,37,35,3063,0,3,0,0,1.1,1.1,1.7,2.8,27,145,27,9,0,0.0,0.09,0.0,0.03,0.05,0.03,0.09,0.08,3,-1.1,1.3,82.8,94.6,21.7
Leon Bailey,jm JAM,"FW,MF",Aston Villa,26,1997,24,14,1139,1,2,1,0,1.7,1.7,1.5,3.3,58,35,121,3,0,0.08,0.16,0.08,0.14,0.12,0.14,0.24,0.26,3,-0.7,0.5,47.5,58.3,14.3
Yasin Ayari,se SWE,MF,Brighton,20,2003,34,22,1965,2,1,2,0,2.4,2.4,2.3,4.8,30,75,61,3,0,0.09,0.05,0.09,0.11,0.11,0.11,0.14,0.22,3,-0.4,-1.3,57.8,64.7,16.0
Moisés Caicedo,ec ECU,"MF,DF",Chelsea,22,2001,38,38,3351,1,2,1,0,0.8,0.8,3.0,3.8,43,215,37,11,0,0.03,0.05,0.03,0.02,0.08,0.02,0.08,0.1,3,0.2,-1.0,88.2,100.0,30.8
Timo Werner,de GER,"FW,MF",Tottenham,28,1996,18,4,516,0,3,0,0,1.0,1.0,2.5,3.5,42,30,89,0,0,0.0,0.52,0.0,0.17,0.44,0.17,0.52,0.61,3,-1.0,0.5,28.7,22.2,11.7
Enes Ünal,tr TUR,"FW,MF",Bournemouth,27,1997,17,2,345,2,1,2,0,2.7,2.7,0.4,3.1,4,12,22,2,0,0.52,0.26,0.52,0.72,0.1,0.72,0.78,0.82,3,-0.7,0.6,20.3,11.8,7.1
Ibrahima Konaté,fr FRA,DF,Liverpool,25,1999,31,30,2560,1,2,1,0,1.7,1.7,1.0,2.7,25,115,3,5,0,0.04,0.07,0.04,0.06,0.03,0.06,0.11,0.1,3,-0.7,1.0,82.6,96.8,19.0
Ola Aina,ng NGA,DF,Nott'ham Forest,27,1996,35,35,2995,2,1,2,0,0.6,0.6,1.4,2.1,67,107,67,5,0,0.06,0.03,0.06,0.02,0.04,0.02,0.09,0.06,3,1.4,-0.4,85.6,100.0,22.9
Bobby De Cordova-Reid,jm JAM,FW,Leicester City,31,1993,23,9,744,1,2,1,0,0.8,0.8,1.2,2.0,14,15,48,2,0,0.12,0.24,0.12,0.1,0.15,0.1,0.36,0.24,3,0.2,0.8,32.3,39.1,7.9
Djed Spence,eng ENG,DF,Tottenham,23,2000,25,19,1792,1,2,1,0,0.6,0.6,1.8,2.3,59,105,70,4,1,0.05,0.1,0.05,0.03,0.09,0.03,0.15,0.12,3,0.4,0.2,71.7,76.0,21.4
Leif Davis,eng ENG,DF,Ipswich Town,24,2000,33,32,2743,1,2,1,0,1.0,1.0,4.9,5.8,52,59,137,5,1,0.03,0.07,0.03,0.03,0.16,0.03,0.1,0.19,3,0.0,-2.9,83.1,97.0,16.1
Amadou Onana,be BEL,MF,Aston Villa,22,2001,26,20,1617,3,0,3,0,2.1,2.1,0.7,2.8,29,75,16,4,0,0.17,0.0,0.17,0.12,0.04,0.12,0.17,0.16,3,0.9,-0.7,62.2,76.9,16.4
Ben Johnson,eng ENG,"DF,FW",Ipswich Town,24,2000,23,14,1354,1,2,1,0,1.1,1.1,1.3,2.3,16,27,33,5,1,0.07,0.13,0.07,0.07,0.09,0.07,0.2,0.16,3,-0.1,0.7,58.9,60.9,9.3
Manuel Ugarte Ribeiro,uy URU,MF,Manchester Utd,23,2001,29,22,1785,1,2,1,0,1.0,1.0,1.1,2.1,16,61,20,11,0,0.05,0.1,0.05,0.05,0.06,0.05,0.15,0.11,3,0.0,0.9,61.6,75.9,12.7
Gabriel Jesus,br BRA,FW,Arsenal,27,1997,17,6,608,3,0,3,0,3.0,3.0,0.7,3.7,15,19,57,4,0,0.44,0.0,0.44,0.44,0.1,0.44,0.44,0.54,3,0.0,-0.7,35.8,35.3,9.4
Diogo Dalot,pt POR,DF,Manchester Utd,25,1999,33,31,2814,0,3,0,0,2.0,2.0,2.0,4.1,62,103,168,5,0,0.0,0.1,0.0,0.07,0.07,0.07,0.1,0.13,3,-2.0,1.0,85.3,93.9,21.0
Danny Ings,eng ENG,"FW,MF",West Ham,32,1992,15,1,284,1,2,1,0,2.3,2.3,1.3,3.5,6,5,29,0,0,0.32,0.63,0.32,0.72,0.41,0.72,0.95,1.12,3,-1.3,0.7,18.9,6.7,6.1
Tyler Adams,us USA,MF,Bournemouth,25,1999,28,21,1965,0,3,0,0,1.6,1.6,1.0,2.6,14,76,10,7,0,0.0,0.14,0.0,0.07,0.05,0.07,0.14,0.12,3,-1.6,2.0,70.2,75.0,13.5
Kieran Trippier,eng ENG,DF,Newcastle Utd,33,1990,25,14,1309,0,3,0,0,0.1,0.1,1.4,1.5,26,117,58,1,0,0.0,0.21,0.0,0.01,0.1,0.01,0.21,0.1,3,-0.1,1.6,52.4,56.0,18.8
Emerson Palmieri,it ITA,DF,West Ham,29,1994,31,26,2113,2,1,2,0,2.0,2.0,1.5,3.4,47,66,83,5,0,0.09,0.04,0.09,0.08,0.06,0.08,0.13,0.15,3,0.0,-0.5,68.2,83.9,16.8
Will Hughes,eng ENG,MF,Crystal Palace,29,1995,33,24,2108,0,3,0,0,1.1,1.1,3.1,4.2,20,87,27,11,0,0.0,0.13,0.0,0.05,0.13,0.05,0.13,0.18,3,-1.1,-0.1,63.9,72.7,15.2
Michael Keane,eng ENG,DF,Everton,31,1993,14,11,1049,3,0,3,0,0.6,0.6,0.1,0.7,1,14,3,5,0,0.26,0.0,0.26,0.05,0.01,0.05,0.26,0.06,3,2.4,-0.1,74.9,78.6,7.5
Levi Colwill,eng ENG,DF,Chelsea,21,2003,35,35,3149,2,1,2,0,1.9,1.9,1.1,3.0,14,131,12,9,0,0.06,0.03,0.06,0.05,0.03,0.05,0.09,0.09,3,0.1,-0.1,90.0,100.0,20.0
Lisandro Martínez,ar ARG,DF,Manchester Utd,26,1998,20,20,1751,2,1,2,0,1.3,1.3,1.1,2.4,23,117,7,7,0,0.1,0.05,0.1,0.07,0.06,0.07,0.15,0.13,3,0.7,-0.1,87.6,100.0,19.5
Harvey Elliott,eng ENG,MF,Liverpool,21,2003,18,2,371,1,2,1,0,1.8,1.8,1.1,2.8,10,44,30,1,0,0.24,0.49,0.24,0.43,0.26,0.43,0.73,0.69,3,-0.8,0.9,20.6,11.1,10.4
Ryan Yates,eng ENG,MF,Nott'ham Forest,26,1997,35,18,1915,2,1,2,0,2.3,2.3,1.2,3.5,18,53,16,10,0,0.09,0.05,0.09,0.11,0.05,0.11,0.14,0.16,3,-0.3,-0.2,54.7,51.4,12.6
Rico Lewis,eng ENG,"DF,MF",Manchester City,19,2004,28,21,1893,1,2,1,0,1.4,1.4,0.3,1.7,39,107,78,5,1,0.05,0.1,0.05,0.07,0.02,0.07,0.14,0.08,3,-0.4,1.7,67.6,75.0,19.6
Marshall Munetsi,zw ZIM,"MF,FW",Wolves,28,1996,14,12,1078,2,1,2,0,3.3,3.3,1.8,5.1,9,10,35,0,0,0.17,0.08,0.17,0.28,0.15,0.28,0.25,0.42,3,-1.3,-0.8,77.0,85.7,7.4
Donyell Malen,nl NED,FW,Aston Villa,25,1999,14,2,305,3,0,3,0,2.2,2.2,0.2,2.4,12,6,30,0,0,0.89,0.0,0.89,0.64,0.05,0.64,0.89,0.69,3,0.8,-0.2,21.8,14.3,7.8
Joe Aribo,ng NGA,"MF,DF",Southampton,28,1996,32,21,2013,3,0,3,0,2.7,2.7,1.6,4.3,36,75,65,1,0,0.13,0.0,0.13,0.12,0.07,0.12,0.13,0.19,3,0.3,-1.6,62.9,65.6,17.1
Christian Eriksen,dk DEN,MF,Manchester Utd,32,1992,23,11,1061,1,2,0,1,1.4,0.6,3.2,3.8,13,55,29,4,0,0.08,0.17,0.0,0.12,0.27,0.05,0.25,0.32,3,-0.4,-1.2,46.1,47.8,11.8
Matt Doherty,ie IRL,DF,Wolves,32,1992,30,25,2109,2,1,2,0,1.0,1.0,1.5,2.6,29,79,41,6,0,0.09,0.04,0.09,0.04,0.07,0.04,0.13,0.11,3,1.0,-0.5,70.3,83.3,16.3
Vitaliy Mykolenko,ua UKR,DF,Everton,25,1999,35,35,3082,1,2,1,0,0.5,0.5,2.6,3.1,33,110,99,4,0,0.03,0.06,0.03,0.01,0.08,0.01,0.09,0.09,3,0.5,-0.6,88.1,100.0,19.3
Ian Maatsen,nl NED,DF,Aston Villa,22,2002,29,10,1139,1,2,1,0,0.9,0.9,2.7,3.6,31,50,104,2,0,0.08,0.16,0.08,0.07,0.22,0.07,0.24,0.28,3,0.1,-0.7,39.3,34.5,13.1
James Mcatee,eng ENG,"MF,FW",Manchester City,21,2002,15,3,349,3,0,3,0,2.8,2.8,0.5,3.3,7,7,32,1,0,0.77,0.0,0.77,0.72,0.13,0.72,0.77,0.85,3,0.2,-0.5,23.3,20.0,7.4
Fabio Carvalho,pt POR,"FW,MF",Brentford,21,2002,19,3,455,2,1,2,0,2.5,2.5,0.7,3.2,9,17,23,1,0,0.4,0.2,0.4,0.49,0.13,0.49,0.59,0.62,3,-0.5,0.3,23.9,15.8,8.1
Trevoh Chalobah,eng ENG,DF,Crystal Palace,25,1999,12,12,1060,3,0,3,0,1.2,1.2,0.4,1.6,11,34,6,1,0,0.25,0.0,0.25,0.1,0.03,0.1,0.25,0.14,3,1.8,-0.4,88.3,100.0,10.5
Mathys Tel,fr FRA,FW,Tottenham,19,2005,13,11,911,2,1,1,1,3.0,2.2,2.6,4.7,28,21,72,2,0,0.2,0.1,0.1,0.29,0.25,0.22,0.3,0.47,3,-1.0,-1.6,70.1,84.6,10.4
Tosin Adarabioyo,eng ENG,DF,Chelsea,26,1997,22,15,1409,1,1,1,0,0.9,0.9,0.2,1.2,5,42,1,4,0,0.06,0.06,0.06,0.06,0.01,0.06,0.13,0.07,2,0.1,0.8,64.0,68.2,8.2
Kasey McAteer,ie IRL,FW,Leicester City,22,2001,18,9,852,1,1,1,0,1.0,1.0,0.7,1.7,19,14,71,3,0,0.11,0.11,0.11,0.11,0.08,0.11,0.21,0.18,2,0.0,0.3,47.3,50.0,6.8
Nico O’Reilly,eng ENG,DF,Manchester City,19,2005,9,6,528,2,0,2,0,1.3,1.3,0.4,1.6,16,17,26,0,0,0.34,0.0,0.34,0.22,0.06,0.22,0.34,0.28,2,0.7,-0.4,58.7,66.7,7.3
Yves Bissouma,ml MLI,MF,Tottenham,27,1996,28,16,1408,2,0,2,0,0.6,0.6,0.3,0.9,15,75,3,7,0,0.13,0.0,0.13,0.04,0.02,0.04,0.13,0.06,2,1.4,-0.3,50.3,57.1,13.0
Michail Antonio,jm JAM,FW,West Ham,34,1990,14,11,836,1,1,1,0,2.2,2.2,1.6,3.8,29,18,59,1,0,0.11,0.11,0.11,0.24,0.17,0.24,0.22,0.41,2,-1.2,-0.6,59.7,78.6,8.2
Reece James,eng ENG,"DF,MF",Chelsea,24,1999,19,12,1063,1,1,1,0,0.4,0.4,0.7,1.1,7,64,12,1,0,0.08,0.08,0.08,0.04,0.06,0.04,0.17,0.1,2,0.6,0.3,55.9,63.2,10.6
Jaden Philogene Bidace,eng ENG,"FW,DF",Ipswich Town,22,2002,10,5,474,2,0,2,0,2.0,2.0,0.2,2.2,13,10,36,1,0,0.38,0.0,0.38,0.37,0.05,0.37,0.38,0.42,2,0.0,-0.2,47.4,50.0,6.3
Sam Morsy,eg EGY,MF,Ipswich Town,32,1991,33,31,2751,1,1,1,0,0.4,0.4,1.2,1.6,22,120,13,10,0,0.03,0.03,0.03,0.01,0.04,0.01,0.07,0.05,2,0.6,-0.2,83.4,93.9,17.7
Conor Bradley,nir NIR,DF,Liverpool,21,2003,19,7,754,0,2,0,0,0.7,0.7,1.4,2.1,35,33,39,4,0,0.0,0.24,0.0,0.08,0.17,0.08,0.24,0.25,2,-0.7,0.6,39.7,36.8,9.8
James Ward-Prowse,eng ENG,MF,West Ham,29,1994,15,12,1039,1,1,1,0,1.6,1.6,1.9,3.6,11,54,9,2,0,0.09,0.09,0.09,0.14,0.17,0.14,0.17,0.31,2,-0.6,-0.9,69.3,80.0,10.0
Joe Willock,eng ENG,"MF,FW",Newcastle Utd,24,1999,32,11,1086,0,2,0,0,1.6,1.6,2.1,3.8,38,41,86,4,0,0.0,0.17,0.0,0.14,0.18,0.14,0.17,0.31,2,-1.6,-0.1,33.9,34.4,10.9
William Saliba,fr FRA,DF,Arsenal,23,2001,35,35,3039,2,0,2,0,2.3,2.3,0.9,3.1,16,138,6,2,1,0.06,0.0,0.06,0.07,0.03,0.07,0.06,0.09,2,-0.3,-0.9,86.8,100.0,19.4
Rodrigo Bentancur,uy URU,MF,Tottenham,27,1997,26,21,1645,2,0,2,0,1.3,1.3,0.4,1.7,28,100,34,9,0,0.11,0.0,0.11,0.07,0.02,0.07,0.11,0.1,2,0.7,-0.4,63.3,80.8,16.8
Murillo,br BRA,DF,Nott'ham Forest,22,2002,36,36,3188,2,0,2,0,1.4,1.4,1.2,2.6,22,115,5,6,0,0.06,0.0,0.06,0.04,0.03,0.04,0.06,0.07,2,0.6,-1.2,88.6,100.0,17.7
Matthijs de Ligt,nl NED,DF,Manchester Utd,24,1999,29,25,2123,2,0,2,0,2.5,2.5,0.3,2.8,7,55,6,3,0,0.08,0.0,0.08,0.1,0.01,0.1,0.08,0.12,2,-0.5,-0.3,73.2,86.2,10.2
Adam Wharton,eng ENG,MF,Crystal Palace,20,2004,20,16,1318,0,2,0,0,0.4,0.4,3.0,3.4,14,107,11,2,0,0.0,0.14,0.0,0.03,0.21,0.03,0.14,0.23,2,-0.4,-1.0,65.9,80.0,15.1
Saša Lukić,rs SRB,MF,Fulham,27,1996,30,28,2344,0,2,0,0,1.2,1.2,2.7,3.9,39,98,33,12,0,0.0,0.08,0.0,0.04,0.11,0.04,0.08,0.15,2,-1.2,-0.7,78.1,93.3,16.7
Adam Lallana,eng ENG,MF,Southampton,36,1988,14,5,361,0,2,0,0,0.2,0.2,0.9,1.1,6,24,10,4,0,0.0,0.5,0.0,0.04,0.23,0.04,0.5,0.27,2,-0.2,1.1,25.8,35.7,6.0
Maxence Lacroix,fr FRA,DF,Crystal Palace,24,2000,35,35,3116,1,1,1,0,3.4,3.4,1.0,4.4,8,65,7,5,0,0.03,0.03,0.03,0.1,0.03,0.1,0.06,0.13,2,-2.4,0.0,89.0,100.0,10.8
Reiss Nelson,eng ENG,FW,Fulham,24,1999,11,5,487,1,1,1,0,1.1,1.1,1.0,2.1,45,35,63,1,0,0.18,0.18,0.18,0.2,0.18,0.2,0.37,0.39,2,-0.1,0.0,44.3,45.5,11.5
Ben White,eng ENG,DF,Arsenal,26,1997,17,13,1198,0,2,0,0,0.5,0.5,1.4,1.8,23,59,42,2,0,0.0,0.15,0.0,0.03,0.1,0.03,0.15,0.14,2,-0.5,0.6,70.5,76.5,11.2
Ezri Konsa,eng ENG,DF,Aston Villa,26,1997,34,33,2936,2,0,2,0,1.3,1.3,0.4,1.7,24,90,11,1,0,0.06,0.0,0.06,0.04,0.01,0.04,0.06,0.05,2,0.7,-0.4,86.4,97.1,15.4
Jake O'Brien,ie IRL,DF,Everton,23,2001,20,17,1571,2,0,2,0,0.8,0.8,0.6,1.3,7,50,25,5,0,0.11,0.0,0.11,0.04,0.03,0.04,0.11,0.08,2,1.2,-0.6,78.6,85.0,9.7
Mads Roerslev,dk DEN,DF,Brentford,25,1999,19,11,1101,0,2,0,0,0.2,0.2,3.0,3.2,17,51,54,2,0,0.0,0.16,0.0,0.02,0.24,0.02,0.16,0.26,2,-0.2,-1.0,57.9,57.9,9.8
Dara O'Shea,ie IRL,DF,Ipswich Town,25,1999,35,35,3122,0,2,0,0,1.3,1.3,0.5,1.8,3,80,8,6,0,0.0,0.06,0.0,0.04,0.01,0.04,0.06,0.05,2,-1.3,1.5,89.2,100.0,11.3
Kyle Walker-Peters,eng ENG,DF,Southampton,27,1997,33,33,2918,0,2,0,0,0.8,0.8,2.8,3.6,114,139,144,5,0,0.0,0.06,0.0,0.03,0.09,0.03,0.06,0.11,2,-0.8,-0.8,88.4,100.0,28.3
Cameron Archer,eng ENG,FW,Southampton,23,2001,35,13,1441,2,0,2,0,5.7,4.9,0.5,5.4,22,14,66,0,0,0.12,0.0,0.12,0.36,0.03,0.31,0.12,0.34,2,-3.7,-0.5,41.2,37.1,7.6
Jan Bednarek,pl POL,DF,Southampton,28,1996,30,30,2531,2,0,2,0,0.7,0.7,0.5,1.2,5,60,2,7,0,0.07,0.0,0.07,0.02,0.02,0.02,0.07,0.04,2,1.3,-0.5,84.4,100.0,10.5
Ethan Pinnock,jm JAM,DF,Brentford,31,1993,22,21,1913,2,0,2,0,1.1,1.1,1.2,2.3,3,41,9,2,0,0.09,0.0,0.09,0.05,0.05,0.05,0.09,0.11,2,0.9,-1.2,87.0,95.5,8.4
Harry Winks,eng ENG,MF,Leicester City,28,1996,22,17,1538,0,2,0,0,0.2,0.2,1.2,1.5,19,101,11,4,0,0.0,0.12,0.0,0.01,0.07,0.01,0.12,0.09,2,-0.2,0.8,69.9,77.3,15.0
Mathias Jensen,dk DEN,MF,Brentford,28,1996,24,8,862,0,2,0,0,0.2,0.2,1.7,1.9,6,61,27,2,0,0.0,0.21,0.0,0.03,0.17,0.03,0.21,0.2,2,-0.2,0.3,35.9,33.3,9.7
Conor Chaplin,eng ENG,"MF,FW",Ipswich Town,27,1997,22,10,857,1,1,1,0,1.5,1.5,0.7,2.2,13,29,23,2,0,0.11,0.11,0.11,0.16,0.07,0.16,0.21,0.23,2,-0.5,0.3,39.0,45.5,7.7
Tyrique George,eng ENG,FW,Chelsea,18,2006,8,1,183,1,1,1,0,0.2,0.2,0.7,0.9,9,3,22,1,0,0.49,0.49,0.49,0.1,0.36,0.1,0.98,0.46,2,0.8,0.3,22.9,12.5,4.7
Crysencio Summerville,nl NED,"FW,MF",West Ham,22,2001,19,7,786,1,1,1,0,1.6,1.6,1.7,3.3,29,18,71,2,0,0.11,0.11,0.11,0.19,0.19,0.19,0.23,0.38,2,-0.6,-0.7,41.4,36.8,8.2
Luis Sinisterra,co COL,"FW,MF",Bournemouth,25,1999,12,1,236,1,1,1,0,1.2,1.2,1.4,2.6,19,6,38,0,0,0.38,0.38,0.38,0.46,0.54,0.46,0.76,1.0,2,-0.2,-0.4,19.7,8.3,6.0
Carlos Soler,es ESP,"MF,FW",West Ham,27,1997,31,14,1409,1,1,1,0,1.8,1.8,1.4,3.2,17,56,37,6,0,0.06,0.06,0.06,0.12,0.09,0.12,0.13,0.21,2,-0.8,-0.4,45.5,45.2,10.8
Kenny Tete,nl NED,DF,Fulham,28,1995,22,21,1774,0,2,0,0,1.4,1.4,0.9,2.3,34,63,54,5,0,0.0,0.1,0.0,0.07,0.05,0.07,0.1,0.12,2,-1.4,1.1,80.6,95.5,12.7
Cameron Burgess,au AUS,DF,Ipswich Town,28,1995,18,16,1541,0,2,0,0,1.1,1.1,0.5,1.6,2,42,4,0,0,0.0,0.12,0.0,0.06,0.03,0.06,0.12,0.09,2,-1.1,1.5,85.6,88.9,7.4
John Stones,eng ENG,"DF,MF",Manchester City,30,1994,11,6,548,2,0,2,0,0.4,0.4,0.1,0.5,10,21,2,1,0,0.33,0.0,0.33,0.07,0.01,0.07,0.33,0.08,2,1.6,-0.1,49.8,54.5,7.1
Rodrigo Gomes,pt POR,"DF,FW",Wolves,21,2003,25,7,810,2,0,2,0,0.7,0.7,0.9,1.6,23,27,81,0,0,0.22,0.0,0.22,0.08,0.1,0.08,0.22,0.18,2,1.3,-0.9,32.4,28.0,9.0
Matty Cash,pl POL,DF,Aston Villa,26,1997,27,24,2070,1,1,1,0,0.5,0.5,1.1,1.6,48,42,90,7,0,0.04,0.04,0.04,0.02,0.05,0.02,0.09,0.07,2,0.5,-0.1,76.7,88.9,12.5
Pervis Estupiñán,ec ECU,DF,Brighton,26,1998,30,26,2402,1,1,1,0,1.2,1.2,2.1,3.3,59,132,112,5,0,0.04,0.04,0.04,0.04,0.08,0.04,0.07,0.12,2,-0.2,-1.1,80.1,86.7,22.6
Romain Esse,eng ENG,MF,Crystal Palace,19,2005,7,1,138,1,1,1,0,0.3,0.3,0.4,0.7,1,7,14,0,0,0.65,0.65,0.65,0.21,0.27,0.21,1.3,0.48,2,0.7,0.6,19.7,14.3,4.3
Jack Grealish,eng ENG,"FW,MF",Manchester City,28,1995,20,7,721,1,1,1,0,1.1,1.1,1.8,3.0,69,52,118,3,0,0.12,0.12,0.12,0.14,0.23,0.14,0.25,0.37,2,-0.1,-0.8,36.0,35.0,15.6
Yukinari Sugawara,jp JPN,"DF,MF",Southampton,24,2000,30,16,1557,1,1,1,0,0.5,0.5,2.2,2.7,33,72,78,4,0,0.06,0.06,0.06,0.03,0.13,0.03,0.12,0.16,2,0.5,-1.2,51.9,53.3,14.0
Mark Flekken,nl NED,GK,Brentford,31,1993,37,37,3275,0,2,0,0,0.0,0.0,0.5,0.5,0,0,0,1,0,0.0,0.05,0.0,0.0,0.01,0.0,0.05,0.01,2,0.0,1.5,88.5,100.0,3.0
Kamaldeen Sulemana,gh GHA,"FW,MF",Southampton,22,2002,26,17,1402,1,1,1,0,1.5,1.5,1.0,2.5,63,27,87,2,0,0.06,0.06,0.06,0.1,0.06,0.1,0.13,0.16,2,-0.5,0.0,53.9,65.4,12.5
Dan Burn,eng ENG,DF,Newcastle Utd,32,1992,37,37,3330,1,1,1,0,2.0,2.0,0.9,2.8,12,75,14,11,0,0.03,0.03,0.03,0.05,0.02,0.05,0.05,0.08,2,-1.0,0.1,90.0,100.0,12.2
Tyler Dibling,eng ENG,"FW,MF",Southampton,18,2006,33,20,1874,2,0,2,0,2.5,2.5,1.5,4.1,69,64,96,6,0,0.1,0.0,0.1,0.12,0.07,0.12,0.1,0.2,2,-0.5,-1.5,56.8,60.6,17.3
Micky van de Ven,nl NED,DF,Tottenham,23,2001,13,12,1015,0,2,0,0,0.6,0.6,1.2,1.7,8,51,1,4,0,0.0,0.18,0.0,0.05,0.1,0.05,0.18,0.15,2,-0.6,0.8,78.1,92.3,8.9
Raheem Sterling,eng ENG,"FW,MF",Arsenal,29,1994,17,7,499,0,2,0,0,1.4,1.4,0.5,1.9,27,18,79,1,0,0.0,0.36,0.0,0.26,0.09,0.26,0.36,0.34,2,-1.4,1.5,29.4,41.2,7.5
Jens Cajuste,se SWE,MF,Ipswich Town,24,1999,30,25,1959,1,1,1,0,0.7,0.7,0.8,1.5,26,59,20,2,0,0.05,0.05,0.05,0.03,0.04,0.03,0.09,0.07,2,0.3,0.2,65.3,83.3,12.0
Nathan Broadhead,wls WAL,"MF,FW",Ipswich Town,26,1998,18,7,702,2,0,2,0,1.7,1.7,0.7,2.4,20,14,33,1,0,0.26,0.0,0.26,0.22,0.09,0.22,0.26,0.31,2,0.3,-0.7,39.0,38.9,7.4
Hwang Hee-chan,kr KOR,"MF,FW",Wolves,28,1996,21,5,661,2,0,2,0,0.8,0.8,0.1,0.9,15,12,42,0,0,0.27,0.0,0.27,0.11,0.02,0.11,0.27,0.13,2,1.2,-0.1,31.5,23.8,6.7
Jan Paul van Hecke,nl NED,DF,Brighton,24,2000,34,33,2958,1,1,1,0,1.3,1.3,1.5,2.8,55,228,5,8,1,0.03,0.03,0.03,0.04,0.05,0.04,0.06,0.09,2,-0.3,-0.5,87.0,97.1,31.8
David Brooks,wls WAL,"FW,MF",Bournemouth,27,1997,29,9,960,2,0,2,0,2.5,2.5,1.9,4.4,35,35,83,3,0,0.19,0.0,0.19,0.24,0.18,0.24,0.19,0.41,2,-0.5,-1.9,33.1,31.0,11.0
João Félix,pt POR,"FW,MF",Chelsea,24,1999,12,3,369,1,1,1,0,2.2,2.2,1.0,3.2,21,26,30,2,0,0.24,0.24,0.24,0.54,0.23,0.54,0.49,0.78,2,-1.2,0.0,30.8,25.0,8.2
Abdul Fatawu Issahaku,gh GHA,FW,Leicester City,20,2004,11,6,579,0,2,0,0,0.4,0.4,1.6,2.0,42,17,60,0,0,0.0,0.31,0.0,0.06,0.24,0.06,0.31,0.31,2,-0.4,0.4,52.6,54.5,8.9
James Tarkowski,eng ENG,DF,Everton,31,1992,33,33,2922,1,1,1,0,1.3,1.3,2.9,4.2,9,75,3,6,0,0.03,0.03,0.03,0.04,0.09,0.04,0.06,0.13,2,-0.3,-1.9,88.5,100.0,11.9
Lesley Ugochukwu,fr FRA,MF,Southampton,20,2004,26,18,1655,1,1,1,0,0.9,0.9,1.0,1.9,29,49,20,7,0,0.05,0.05,0.05,0.05,0.06,0.05,0.11,0.1,2,0.1,0.0,63.7,69.2,11.3
Justin Devenny,nir NIR,MF,Crystal Palace,20,2003,23,4,507,1,1,1,0,0.8,0.8,0.6,1.4,5,21,13,1,0,0.18,0.18,0.18,0.14,0.11,0.14,0.36,0.25,2,0.2,0.4,22.0,17.4,6.1
Tom Cairney,sct SCO,MF,Fulham,33,1991,25,3,628,2,0,2,0,0.8,0.8,1.1,1.8,18,53,33,3,1,0.29,0.0,0.29,0.11,0.15,0.11,0.29,0.26,2,1.2,-1.1,25.1,12.0,11.1
Wout Faes,be BEL,DF,Leicester City,26,1998,34,30,2815,1,0,1,0,1.5,1.5,0.1,1.6,12,86,1,4,0,0.03,0.0,0.03,0.05,0.0,0.05,0.03,0.05,1,-0.5,-0.1,82.8,88.2,11.8
Ryan Manning,ie IRL,"DF,MF",Southampton,28,1996,24,18,1462,0,1,0,0,0.3,0.3,3.2,3.6,14,35,74,2,0,0.0,0.06,0.0,0.02,0.2,0.02,0.06,0.22,1,-0.3,-2.2,60.9,75.0,6.4
Orel Mangala,be BEL,MF,Everton,26,1998,19,14,1261,1,0,1,0,1.1,1.1,0.6,1.8,6,34,19,2,0,0.07,0.0,0.07,0.08,0.05,0.08,0.07,0.13,1,-0.1,-0.6,66.4,73.7,6.0
Guido Rodríguez,ar ARG,MF,West Ham,30,1994,23,16,1149,0,1,0,0,0.2,0.2,0.2,0.4,4,33,7,6,0,0.0,0.08,0.0,0.02,0.01,0.02,0.08,0.03,1,-0.2,0.8,50.0,69.6,5.2
Evan Ferguson,ie IRL,FW,Brighton,19,2004,13,2,246,1,0,1,0,0.5,0.5,0.4,1.0,2,1,9,0,0,0.37,0.0,0.37,0.2,0.15,0.2,0.37,0.35,1,0.5,-0.4,18.9,15.4,2.3
Cristian Romero,ar ARG,DF,Tottenham,26,1998,18,18,1416,1,0,1,0,1.6,1.6,0.6,2.2,12,71,3,3,0,0.06,0.0,0.06,0.1,0.04,0.1,0.06,0.14,1,-0.6,-0.6,78.7,100.0,10.3
Casemiro,br BRA,MF,Manchester Utd,32,1992,24,18,1494,1,0,1,0,1.9,1.9,2.3,4.2,4,84,28,5,0,0.06,0.0,0.06,0.11,0.14,0.11,0.06,0.25,1,-0.9,-2.3,62.2,75.0,10.8
Andrew Robertson,sct SCO,DF,Liverpool,30,1994,33,29,2482,0,1,0,0,1.2,1.2,4.6,5.8,64,176,108,3,1,0.0,0.04,0.0,0.04,0.17,0.04,0.04,0.21,1,-1.2,-3.6,75.2,87.9,25.5
Noussair Mazraoui,ma MAR,DF,Manchester Utd,26,1997,37,34,2838,0,1,0,0,0.7,0.7,1.5,2.2,42,115,58,3,0,0.0,0.03,0.0,0.02,0.05,0.02,0.03,0.07,1,-0.7,-0.5,76.7,91.9,17.2
Bart Verbruggen,nl NED,GK,Brighton,21,2002,36,36,3240,0,1,0,0,0.0,0.0,0.0,0.0,0,2,0,5,0,0.0,0.03,0.0,0.0,0.0,0.0,0.03,0.0,1,0.0,1.0,90.0,100.0,1.7
Timothy Castagne,be BEL,DF,Fulham,28,1995,24,17,1649,0,1,0,0,0.4,0.4,1.2,1.6,17,62,67,1,0,0.0,0.05,0.0,0.02,0.07,0.02,0.05,0.09,1,-0.4,-0.2,68.7,70.8,9.4
Valentino Livramento,eng ENG,DF,Newcastle Utd,21,2002,37,32,2840,0,1,0,0,0.3,0.3,2.6,2.9,83,158,119,1,0,0.0,0.03,0.0,0.01,0.08,0.01,0.03,0.09,1,-0.3,-1.6,76.8,86.5,25.6
Ross Stewart,sct SCO,FW,Southampton,28,1996,12,4,389,1,0,1,0,1.1,1.1,0.0,1.1,3,2,10,1,0,0.23,0.0,0.23,0.25,0.0,0.25,0.23,0.25,1,-0.1,0.0,32.4,33.3,2.5
Harry Maguire,eng ENG,DF,Manchester Utd,31,1993,27,19,1758,1,0,1,0,1.8,1.8,0.6,2.4,7,51,7,7,0,0.05,0.0,0.05,0.09,0.03,0.09,0.05,0.12,1,-0.8,-0.6,65.1,70.4,7.8
Chris Richards,us USA,DF,Crystal Palace,24,2000,24,22,1922,1,0,1,0,1.4,1.4,0.1,1.5,6,39,2,4,1,0.05,0.0,0.05,0.06,0.0,0.06,0.05,0.07,1,-0.4,-0.1,80.1,91.7,6.5
Oleksandr Zinchenko,ua UKR,"DF,MF",Arsenal,27,1996,15,5,527,0,1,0,0,0.6,0.6,0.2,0.8,10,48,14,1,0,0.0,0.17,0.0,0.11,0.03,0.11,0.17,0.14,1,-0.6,0.8,35.1,33.3,7.3
Kostas Tsimikas,gr GRE,DF,Liverpool,28,1996,18,9,837,0,1,0,0,0.4,0.4,2.1,2.5,17,76,43,2,0,0.0,0.11,0.0,0.04,0.23,0.04,0.11,0.27,1,-0.4,-1.1,46.5,50.0,10.8
Axel Tuanzebe,cd COD,DF,Ipswich Town,26,1997,22,20,1710,0,1,0,0,0.2,0.2,0.3,0.5,10,61,15,5,1,0.0,0.05,0.0,0.01,0.02,0.01,0.05,0.03,1,-0.2,0.7,77.7,90.9,8.6
Destiny Udogie,it ITA,DF,Tottenham,21,2002,25,24,1924,0,1,0,0,0.3,0.3,1.5,1.8,54,121,94,2,0,0.0,0.05,0.0,0.01,0.07,0.01,0.05,0.08,1,-0.3,-0.5,77.0,96.0,19.0
Patson Daka,zm ZAM,"FW,MF",Leicester City,25,1998,23,6,736,1,0,1,0,1.3,1.3,0.1,1.3,11,8,36,0,0,0.12,0.0,0.12,0.15,0.01,0.15,0.12,0.16,1,-0.3,-0.1,32.0,26.1,3.9
William Osula,dk DEN,FW,Newcastle Utd,20,2003,14,0,134,1,0,1,0,0.2,0.2,0.1,0.3,5,4,17,0,0,0.67,0.0,0.67,0.11,0.1,0.11,0.67,0.21,1,0.8,-0.1,9.6,0.0,2.9
Conor Coady,eng ENG,DF,Leicester City,31,1993,22,19,1714,1,0,1,0,0.4,0.4,0.1,0.5,3,32,0,3,0,0.05,0.0,0.05,0.02,0.0,0.02,0.05,0.03,1,0.6,-0.1,77.9,86.4,5.5
Conor Townsend,eng ENG,DF,Ipswich Town,31,1993,6,3,335,0,1,0,0,0.0,0.0,0.7,0.7,2,8,13,1,0,0.0,0.27,0.0,0.01,0.18,0.01,0.27,0.18,1,0.0,0.3,55.8,50.0,2.5
Jordan Pickford,eng ENG,GK,Everton,30,1994,38,38,3420,0,1,0,0,0.0,0.0,0.4,0.4,0,0,0,7,0,0.0,0.03,0.0,0.0,0.01,0.0,0.03,0.01,1,0.0,0.6,90.0,100.0,1.5
Caleb Okoli,it ITA,DF,Leicester City,23,2001,19,12,1125,1,0,1,0,0.6,0.6,0.0,0.6,3,32,2,4,0,0.08,0.0,0.08,0.05,0.0,0.05,0.08,0.05,1,0.4,0.0,59.2,63.2,5.5
Wilson Odobert,fr FRA,"FW,MF",Tottenham,19,2004,16,9,850,1,0,1,0,1.6,1.6,1.0,2.6,45,27,66,0,0,0.11,0.0,0.11,0.17,0.1,0.17,0.11,0.27,1,-0.6,-1.0,53.1,56.2,9.2
Emmanuel Agbadou,ci CIV,DF,Wolves,27,1997,16,16,1410,1,0,1,0,0.8,0.8,0.2,1.1,6,31,2,3,0,0.06,0.0,0.06,0.05,0.02,0.05,0.06,0.07,1,0.2,-0.2,88.1,100.0,5.7
Kiernan Dewsbury-Hall,eng ENG,"MF,FW",Chelsea,25,1998,13,2,264,0,1,0,0,0.2,0.2,1.1,1.3,5,14,11,0,0,0.0,0.34,0.0,0.08,0.36,0.08,0.34,0.44,1,-0.2,-0.1,20.3,15.4,3.4
Illia Zabarnyi,ua UKR,DF,Bournemouth,21,2002,36,35,3109,0,1,0,0,1.3,1.3,0.7,2.0,27,140,4,4,1,0.0,0.03,0.0,0.04,0.02,0.04,0.03,0.06,1,-1.3,0.3,86.4,97.2,18.2
Trevoh Chalobah,eng ENG,DF,Chelsea,25,1999,13,11,910,0,1,0,0,0.8,0.8,1.2,2.0,4,37,2,2,0,0.0,0.1,0.0,0.08,0.12,0.08,0.1,0.19,1,-0.8,-0.2,70.0,84.6,5.6
Axel Disasi,fr FRA,DF,Chelsea,26,1998,6,4,364,1,0,1,0,0.3,0.3,0.1,0.4,6,16,2,1,0,0.25,0.0,0.25,0.07,0.02,0.07,0.25,0.09,1,0.7,-0.1,60.7,66.7,4.2
Kieran Tierney,sct SCO,"DF,FW",Arsenal,27,1997,13,2,259,1,0,1,0,0.4,0.4,1.4,1.7,8,15,29,0,0,0.35,0.0,0.35,0.12,0.48,0.12,0.35,0.6,1,0.6,-1.4,19.9,15.4,4.3
Ben Chilwell,eng ENG,DF,Crystal Palace,27,1996,8,1,259,1,0,1,0,0.2,0.2,0.8,1.0,5,8,15,1,0,0.35,0.0,0.35,0.08,0.26,0.08,0.35,0.34,1,0.8,-0.8,32.4,12.5,3.3
Nicolás Domínguez,ar ARG,"MF,FW",Nott'ham Forest,26,1998,34,23,1963,0,1,0,0,1.5,1.5,1.3,2.8,16,83,33,9,0,0.0,0.05,0.0,0.07,0.06,0.07,0.05,0.13,1,-1.5,-0.3,57.7,67.6,11.4
Flynn Downes,eng ENG,MF,Southampton,25,1999,27,25,2151,1,0,1,0,0.6,0.6,1.1,1.7,29,66,29,12,0,0.04,0.0,0.04,0.03,0.05,0.03,0.04,0.07,1,0.4,-1.1,79.7,92.6,11.5
Mason Mount,eng ENG,MF,Manchester Utd,25,1999,17,8,622,1,0,1,0,3.2,3.2,0.6,3.8,15,33,41,3,0,0.14,0.0,0.14,0.47,0.08,0.47,0.14,0.55,1,-2.2,-0.6,36.6,47.1,6.8
Tommy Doyle,eng ENG,MF,Wolves,22,2001,24,3,488,0,1,0,0,0.6,0.6,0.5,1.1,6,40,4,1,0,0.0,0.18,0.0,0.1,0.09,0.1,0.18,0.2,1,-0.6,0.5,20.3,12.5,6.1
Jack Taylor,ie IRL,MF,Ipswich Town,26,1998,32,4,860,1,0,1,0,0.7,0.7,0.5,1.3,11,43,23,4,0,0.1,0.0,0.1,0.08,0.06,0.08,0.1,0.13,1,0.3,-0.5,26.9,12.5,7.4
Álex Moreno,es ESP,"DF,MF",Nott'ham Forest,31,1993,15,11,955,0,1,0,0,0.2,0.2,1.3,1.4,26,34,34,2,0,0.0,0.09,0.0,0.02,0.12,0.02,0.09,0.13,1,-0.2,-0.3,63.7,73.3,7.5
Mikey Moore,eng ENG,FW,Tottenham,16,2007,10,3,366,0,1,0,0,0.2,0.2,0.3,0.5,12,9,40,0,0,0.0,0.25,0.0,0.05,0.08,0.05,0.25,0.13,1,-0.2,0.7,36.6,30.0,3.6
Edson Álvarez,mx MEX,MF,West Ham,26,1997,28,20,1772,0,1,0,0,0.4,0.4,0.8,1.2,24,85,18,9,1,0.0,0.05,0.0,0.02,0.04,0.02,0.05,0.06,1,-0.4,0.2,63.3,71.4,12.4
Lewis Miley,eng ENG,MF,Newcastle Utd,18,2006,14,1,313,1,0,1,0,0.5,0.5,0.0,0.6,2,17,8,0,0,0.29,0.0,0.29,0.16,0.01,0.16,0.29,0.16,1,0.5,0.0,22.4,7.1,3.9
Jesper Lindstrøm,dk DEN,FW,Everton,24,2000,25,15,1239,0,1,0,0,2.1,2.1,2.0,4.1,30,25,81,2,0,0.0,0.07,0.0,0.15,0.15,0.15,0.07,0.3,1,-2.1,-1.0,49.6,60.0,7.0
Toti Gomes,pt POR,DF,Wolves,25,1999,31,30,2614,0,1,0,0,0.7,0.7,0.9,1.7,27,86,18,7,0,0.0,0.03,0.0,0.03,0.03,0.03,0.03,0.06,1,-0.7,0.1,84.3,96.8,12.8
Taiwo Awoniyi,ng NGA,FW,Nott'ham Forest,26,1997,26,3,416,1,0,1,0,2.1,2.1,0.1,2.2,6,7,20,0,0,0.22,0.0,0.22,0.46,0.02,0.46,0.22,0.48,1,-1.1,-0.1,16.0,11.5,3.3
Boubacar Kamara,fr FRA,MF,Aston Villa,24,1999,26,20,1726,1,0,1,0,0.8,0.8,0.9,1.7,19,85,7,2,0,0.05,0.0,0.05,0.04,0.05,0.04,0.05,0.09,1,0.2,-0.9,66.4,76.9,12.4
Nathan Patterson,sct SCO,DF,Everton,22,2001,10,3,347,0,1,0,0,0.1,0.1,0.4,0.5,6,13,18,1,0,0.0,0.26,0.0,0.02,0.11,0.02,0.26,0.13,1,-0.1,0.6,34.7,30.0,3.4
Max Kilman,eng ENG,DF,West Ham,27,1997,38,38,3348,0,1,0,0,1.6,1.6,1.2,2.8,31,113,6,5,0,0.0,0.03,0.0,0.04,0.03,0.04,0.03,0.08,1,-1.6,-0.2,88.1,100.0,15.9
Diego Gómez,py PAR,MF,Brighton,21,2003,16,4,516,1,0,1,0,0.9,0.9,0.7,1.6,8,27,23,0,0,0.17,0.0,0.17,0.15,0.13,0.15,0.17,0.28,1,0.1,-0.7,32.2,25.0,5.5
Wes Burns,wls WAL,"FW,DF",Ipswich Town,29,1994,18,12,926,0,1,0,0,0.5,0.5,1.6,2.2,38,8,65,1,0,0.0,0.1,0.0,0.05,0.16,0.05,0.1,0.21,1,-0.5,-0.6,51.4,66.7,6.1
Nicolás González,es ESP,MF,Manchester City,22,2002,11,9,760,1,0,1,0,0.5,0.5,0.1,0.5,9,50,11,3,0,0.12,0.0,0.12,0.06,0.01,0.06,0.12,0.06,1,0.5,-0.1,69.1,81.8,7.9
Calvin Bassey,ng NGA,DF,Fulham,24,1999,35,34,3074,1,0,1,0,1.0,1.0,0.1,1.2,39,116,15,7,0,0.03,0.0,0.03,0.03,0.0,0.03,0.03,0.03,1,0.0,-0.1,87.8,97.1,17.5
Tim Iroegbunam,eng ENG,MF,Everton,21,2003,18,5,574,0,1,0,0,0.2,0.2,0.2,0.4,8,15,9,4,0,0.0,0.16,0.0,0.04,0.03,0.04,0.16,0.07,1,-0.2,0.8,31.9,27.8,3.8
Michael Kayode,it ITA,DF,Brentford,20,2004,12,6,528,0,1,0,0,0.2,0.2,1.2,1.5,12,12,24,2,0,0.0,0.17,0.0,0.04,0.21,0.04,0.17,0.25,1,-0.2,-0.2,44.0,50.0,3.9
Malo Gusto,fr FRA,DF,Chelsea,21,2003,32,19,1862,0,1,0,0,1.7,1.7,1.4,3.1,50,119,85,4,0,0.0,0.05,0.0,0.08,0.07,0.08,0.05,0.15,1,-1.7,-0.4,58.2,59.4,18.4
Jack Harrison,eng ENG,FW,Everton,27,1996,34,24,2076,1,0,1,0,3.5,3.5,3.7,7.2,73,51,127,0,0,0.04,0.0,0.04,0.15,0.16,0.15,0.04,0.31,1,-2.5,-3.7,61.1,70.6,14.4
Dane Scarlett,eng ENG,"FW,MF",Tottenham,20,2004,3,0,34,0,1,0,0,0.0,0.0,0.0,0.1,1,1,1,0,0,0.0,2.65,0.0,0.09,0.12,0.09,2.65,0.22,1,0.0,1.0,11.3,0.0,1.7
Ferdi Kadioglu,tr TUR,"DF,MF",Brighton,24,1999,6,5,385,1,0,1,0,0.4,0.4,0.2,0.6,1,15,27,1,0,0.23,0.0,0.23,0.1,0.04,0.1,0.23,0.14,1,0.6,-0.2,64.2,83.3,3.6
Jack Stephens,eng ENG,DF,Southampton,30,1994,19,17,1389,1,0,1,0,0.6,0.6,0.2,0.7,14,63,2,2,2,0.06,0.0,0.06,0.04,0.01,0.04,0.06,0.05,1,0.4,-0.2,73.1,89.5,9.7
Daniel Jebbison,ca CAN,FW,Bournemouth,20,2003,16,0,119,1,0,1,0,1.0,1.0,0.2,1.2,4,3,16,1,0,0.76,0.0,0.76,0.75,0.15,0.75,0.76,0.9,1,0.0,-0.2,7.4,0.0,2.7
Jacob Greaves,eng ENG,DF,Ipswich Town,23,2000,25,25,2205,1,0,1,0,1.3,1.3,0.3,1.6,11,69,11,5,0,0.04,0.0,0.04,0.05,0.01,0.05,0.04,0.06,1,-0.3,-0.3,88.2,100.0,10.0
William Smallbone,ie IRL,MF,Southampton,24,2000,18,6,690,1,0,1,0,0.6,0.6,0.7,1.3,5,27,25,1,0,0.13,0.0,0.13,0.07,0.1,0.07,0.13,0.17,1,0.4,-0.7,38.3,33.3,5.2
James Ward-Prowse,eng ENG,MF,Nott'ham Forest,29,1994,9,5,400,0,1,0,0,0.1,0.1,1.1,1.2,1,16,3,2,1,0.0,0.23,0.0,0.01,0.25,0.01,0.23,0.26,1,-0.1,-0.1,44.4,55.6,3.2
Lucas Bergvall,se SWE,MF,Tottenham,18,2006,27,11,1212,0,1,0,0,0.7,0.7,0.6,1.3,33,49,31,3,0,0.0,0.07,0.0,0.05,0.04,0.05,0.07,0.09,1,-0.7,0.4,44.9,40.7,9.7
Ibrahim Sangaré,ci CIV,MF,Nott'ham Forest,26,1997,13,7,590,0,1,0,0,0.0,0.0,0.4,0.4,1,27,4,3,0,0.0,0.15,0.0,0.0,0.06,0.0,0.15,0.06,1,0.0,0.6,45.4,53.8,4.3
Lloyd Kelly,eng ENG,DF,Newcastle Utd,25,1998,10,4,303,0,1,0,0,0.4,0.4,0.5,0.9,0,9,5,2,0,0.0,0.3,0.0,0.12,0.14,0.12,0.3,0.26,1,-0.4,0.5,30.3,40.0,2.4
Jakub Kiwior,pl POL,DF,Arsenal,24,2000,17,10,1122,1,0,1,0,0.2,0.2,0.3,0.5,5,48,1,1,0,0.08,0.0,0.08,0.01,0.03,0.01,0.08,0.04,1,0.8,-0.3,66.0,58.8,7.3
Ramón Sosa,py PAR,"FW,MF",Nott'ham Forest,24,1999,19,1,295,1,0,1,0,1.0,1.0,0.5,1.5,12,6,17,1,0,0.31,0.0,0.31,0.31,0.15,0.31,0.31,0.45,1,0.0,-0.5,15.5,5.3,3.8
James Hill,eng ENG,DF,Bournemouth,22,2002,10,6,448,0,1,0,0,0.3,0.3,0.3,0.6,3,16,8,1,0,0.0,0.2,0.0,0.06,0.05,0.06,0.2,0.11,1,-0.3,0.7,44.8,60.0,3.4
Myles Lewis-Skelly,eng ENG,DF,Arsenal,17,2006,23,15,1369,1,0,1,0,0.2,0.2,0.4,0.6,37,71,37,3,2,0.07,0.0,0.07,0.01,0.03,0.01,0.07,0.04,1,0.8,-0.4,59.5,65.2,12.8
James Bree,eng ENG,DF,Southampton,26,1997,17,13,1075,0,1,0,0,0.1,0.1,0.9,1.0,13,34,43,0,0,0.0,0.08,0.0,0.01,0.08,0.01,0.08,0.08,1,-0.1,0.1,63.2,76.5,6.2
Jefferson Lerma,co COL,"MF,DF",Crystal Palace,29,1994,33,26,2274,0,1,0,0,1.1,1.1,1.6,2.7,13,97,26,9,0,0.0,0.04,0.0,0.04,0.06,0.04,0.04,0.11,1,-1.1,-0.6,68.9,78.8,12.5
Bernd Leno,de GER,GK,Fulham,32,1992,38,38,3420,0,1,0,0,0.0,0.0,0.1,0.1,0,0,0,5,0,0.0,0.03,0.0,0.0,0.0,0.0,0.03,0.0,1,0.0,0.9,90.0,100.0,1.5
Matheus França,br BRA,"MF,FW",Crystal Palace,20,2004,4,0,55,1,0,1,0,0.3,0.3,0.0,0.3,4,3,4,0,0,1.64,0.0,1.64,0.42,0.0,0.42,1.64,0.42,1,0.7,0.0,13.8,0.0,2.7
Roméo Lavia,be BEL,MF,Chelsea,20,2004,16,11,797,0,1,0,0,0.3,0.3,0.7,1.0,3,31,7,4,0,0.0,0.11,0.0,0.03,0.08,0.03,0.11,0.11,1,-0.3,0.3,49.8,68.8,4.9
James Garner,eng ENG,"MF,DF",Everton,23,2001,21,17,1594,0,1,0,0,0.7,0.7,1.4,2.1,15,50,30,5,0,0.0,0.06,0.0,0.04,0.08,0.04,0.06,0.12,1,-0.7,-0.4,75.9,81.0,8.0
Jarrad Branthwaite,eng ENG,DF,Everton,22,2002,30,28,2511,0,1,0,0,1.2,1.2,0.7,1.9,10,66,2,4,0,0.0,0.04,0.0,0.04,0.02,0.04,0.04,0.07,1,-1.2,0.3,83.7,93.3,9.1
Victor Bernth Kristiansen,dk DEN,DF,Leicester City,21,2002,30,29,2482,0,1,0,0,0.3,0.3,1.4,1.7,40,70,78,1,0,0.0,0.04,0.0,0.01,0.05,0.01,0.04,0.06,1,-0.3,-0.4,82.7,96.7,12.5
Taylor Harwood-Bellis,eng ENG,DF,Southampton,22,2002,34,32,2825,1,0,1,0,1.8,1.8,1.0,2.8,29,125,9,9,0,0.03,0.0,0.03,0.06,0.03,0.06,0.03,0.09,1,-0.8,-1.0,83.1,94.1,17.4
Marcos Senesi,ar ARG,DF,Bournemouth,27,1997,17,13,1106,0,0,0,0,0.8,0.8,0.2,1.1,12,62,7,5,0,0.0,0.0,0.0,0.07,0.02,0.07,0.0,0.09,0,-0.8,-0.2,65.1,76.5,7.4
Jean-Clair Todibo,fr FRA,DF,West Ham,24,1999,27,20,1825,0,0,0,0,0.4,0.4,0.0,0.4,9,38,5,3,0,0.0,0.0,0.0,0.02,0.0,0.02,0.0,0.02,0,-0.4,0.0,67.6,74.1,4.7
Leny Yoro,fr FRA,DF,Manchester Utd,18,2005,21,12,1165,0,0,0,0,0.7,0.7,0.1,0.8,19,52,4,5,0,0.0,0.0,0.0,0.05,0.01,0.05,0.0,0.06,0,-0.7,-0.1,55.5,57.1,7.1
Alex Scott,eng ENG,MF,Bournemouth,20,2003,20,8,755,0,0,0,0,0.7,0.7,0.9,1.6,15,52,33,3,0,0.0,0.0,0.0,0.09,0.11,0.09,0.0,0.19,0,-0.7,-0.9,37.8,40.0,6.7
Jarell Quansah,eng ENG,DF,Liverpool,21,2003,13,4,495,0,0,0,0,0.1,0.1,0.1,0.2,3,19,4,2,0,0.0,0.0,0.0,0.02,0.02,0.02,0.0,0.04,0,-0.1,-0.1,38.1,30.8,2.2
Oliver Skipp,eng ENG,MF,Leicester City,23,2000,24,10,1129,0,0,0,0,0.4,0.4,0.3,0.6,16,35,19,8,0,0.0,0.0,0.0,0.03,0.02,0.03,0.0,0.05,0,-0.4,-0.3,47.0,41.7,5.1
Guglielmo Vicario,it ITA,GK,Tottenham,27,1996,24,24,2160,0,0,0,0,0.0,0.0,0.0,0.0,0,1,0,1,0,0.0,0.0,0.0,0.0,0.0,0.0,0.0,0.0,0,0.0,0.0,90.0,100.0,0.1
Christian Walton,eng ENG,GK,Ipswich Town,28,1995,7,7,630,0,0,0,0,0.0,0.0,0.0,0.0,0,0,0,0,0,0.0,0.0,0.0,0.0,0.0,0.0,0.0,0.0,0,0.0,0.0,90.0,100.0,0.0
Nick Pope,eng ENG,GK,Newcastle Utd,32,1992,28,28,2520,0,0,0,0,0.0,0.0,0.0,0.0,0,1,0,2,0,0.0,0.0,0.0,0.0,0.0,0.0,0.0,0.0,0,0.0,0.0,90.0,100.0,0.1
Eric da Silva Moreira,de GER,"MF,DF",Nott'ham Forest,18,2006,2,0,30,0,0,0,0,0.0,0.0,0.0,0.0,1,0,1,0,0,0.0,0.0,0.0,0.0,0.0,0.0,0.0,0.0,0,0.0,0.0,15.0,0.0,0.1
Ryan Trevitt,eng ENG,MF,Brentford,21,2003,1,0,4,0,0,0,0,0.0,0.0,0.0,0.0,0,0,1,0,0,0.0,0.0,0.0,0.0,0.0,0.0,0.0,0.0,0,0.0,0.0,4.0,0.0,0.0
Jaden Philogene Bidace,eng ENG,"FW,MF",Aston Villa,22,2002,11,2,332,0,0,0,0,0.5,0.5,0.3,0.8,7,4,17,4,1,0.0,0.0,0.0,0.13,0.08,0.13,0.0,0.2,0,-0.5,-0.3,30.2,18.2,1.1
Kalvin Phillips,eng ENG,MF,Ipswich Town,28,1995,19,14,1237,0,0,0,0,0.4,0.4,0.2,0.7,4,51,4,6,1,0.0,0.0,0.0,0.03,0.02,0.03,0.0,0.05,0,-0.4,-0.2,65.1,73.7,5.5
Matz Sels,be BEL,GK,Nott'ham Forest,32,1992,38,38,3420,0,0,0,0,0.0,0.0,0.4,0.4,1,2,0,4,0,0.0,0.0,0.0,0.0,0.01,0.0,0.0,0.01,0,0.0,-0.4,90.0,100.0,0.3
Pau Torres,es ESP,DF,Aston Villa,27,1997,24,23,2020,0,0,0,0,0.5,0.5,0.1,0.6,40,97,8,2,0,0.0,0.0,0.0,0.02,0.01,0.02,0.0,0.03,0,-0.5,-0.1,84.2,95.8,13.7
Alfie Pond,eng ENG,DF,Wolves,20,2004,1,0,1,0,0,0,0,0.0,0.0,0.0,0.0,0,0,0,0,0,0.0,0.0,0.0,0.0,0.0,0.0,0.0,0.0,0,0.0,0.0,1.0,0.0,0.0
Carlos Vinícius,br BRA,"MF,FW",Fulham,29,1995,3,0,16,0,0,0,0,0.0,0.0,0.0,0.0,1,0,3,0,0,0.0,0.0,0.0,0.21,0.0,0.21,0.0,0.21,0,0.0,0.0,5.3,0.0,0.1
Ricardo Pereira,pt POR,DF,Leicester City,30,1993,10,4,388,0,0,0,0,0.1,0.1,0.0,0.1,3,18,5,1,0,0.0,0.0,0.0,0.02,0.0,0.02,0.0,0.02,0,-0.1,0.0,38.8,40.0,2.1
Kyle Walker,eng ENG,DF,Manchester City,34,1990,15,9,970,0,0,0,0,0.1,0.1,0.4,0.6,12,64,11,3,0,0.0,0.0,0.0,0.01,0.04,0.01,0.0,0.05,0,-0.1,-0.4,64.7,60.0,7.6
Harry Toffolo,eng ENG,DF,Nott'ham Forest,28,1995,4,1,137,0,0,0,0,0.0,0.0,0.0,0.0,0,2,4,1,0,0.0,0.0,0.0,0.01,0.0,0.01,0.0,0.01,0,0.0,0.0,34.2,25.0,0.2
Boubacar Traoré,ml MLI,MF,Wolves,22,2001,1,0,1,0,0,0,0,0.0,0.0,0.0,0.0,0,0,0,0,0,0.0,0.0,0.0,0.0,0.0,0.0,0.0,0.0,0,0.0,0.0,1.0,0.0,0.0
Renato Veiga,pt POR,"DF,MF",Chelsea,21,2003,7,1,181,0,0,0,0,0.1,0.1,0.0,0.1,4,7,3,2,0,0.0,0.0,0.0,0.07,0.0,0.07,0.0,0.07,0,-0.1,0.0,25.9,14.3,1.1
Joel Ward,eng ENG,DF,Crystal Palace,34,1989,2,1,71,0,0,0,0,0.0,0.0,0.0,0.0,0,1,1,1,0,0.0,0.0,0.0,0.0,0.06,0.0,0.0,0.06,0,0.0,0.0,35.5,50.0,0.1
Danny Ward,wls WAL,GK,Leicester City,31,1993,2,1,135,0,0,0,0,0.0,0.0,0.0,0.0,0,0,0,0,0,0.0,0.0,0.0,0.0,0.0,0.0,0.0,0.0,0,0.0,0.0,67.5,50.0,0.0
Takehiro Tomiyasu,jp JPN,DF,Arsenal,25,1998,1,0,7,0,0,0,0,0.2,0.2,0.0,0.2,0,1,0,0,0,0.0,0.0,0.0,2.37,0.0,2.37,0.0,2.37,0,-0.2,0.0,7.0,0.0,0.1
Jahmai Simpson-Pusey,eng ENG,DF,Manchester City,18,2005,2,1,96,0,0,0,0,0.0,0.0,0.0,0.0,1,3,0,1,0,0.0,0.0,0.0,0.0,0.0,0.0,0.0,0.0,0,0.0,0.0,48.0,50.0,0.4
Daniel Podence,pt POR,"MF,FW",Wolves,28,1995,2,0,48,0,0,0,0,0.0,0.0,0.0,0.0,1,2,3,0,0,0.0,0.0,0.0,0.07,0.0,0.07,0.0,0.07,0,0.0,0.0,24.0,0.0,0.3
Mark Travers,ie IRL,GK,Bournemouth,25,1999,5,5,450,0,0,0,0,0.0,0.0,0.0,0.0,0,0,0,0,0,0.0,0.0,0.0,0.0,0.0,0.0,0.0,0.0,0,0.0,0.0,90.0,100.0,0.0
Charlie Taylor,eng ENG,DF,Southampton,30,1993,8,3,356,0,0,0,0,0.0,0.0,0.1,0.1,3,9,7,1,0,0.0,0.0,0.0,0.0,0.02,0.0,0.0,0.02,0,0.0,-0.1,44.5,37.5,1.2
Luke Thomas,eng ENG,DF,Leicester City,23,2001,14,13,1110,0,0,0,0,0.4,0.4,0.5,0.9,5,37,16,3,0,0.0,0.0,0.0,0.03,0.04,0.03,0.0,0.07,0,-0.4,-0.5,79.3,92.9,4.2
Hákon Rafn Valdimarsson,is ISL,GK,Brentford,22,2001,2,1,145,0,0,0,0,0.0,0.0,0.0,0.0,0,0,0,0,0,0.0,0.0,0.0,0.0,0.0,0.0,0.0,0.0,0,0.0,0.0,72.5,50.0,0.0
Jeremy Sarmiento,ec ECU,MF,Brighton,22,2002,1,0,9,0,0,0,0,0.0,0.0,0.0,0.0,0,0,2,0,0,0.0,0.0,0.0,0.0,0.0,0.0,0.0,0.0,0,0.0,0.0,9.0,0.0,0.0
Joël Veltman,nl NED,DF,Brighton,32,1992,21,19,1697,0,0,0,0,0.5,0.5,0.5,0.9,32,85,34,5,0,0.0,0.0,0.0,0.02,0.02,0.02,0.0,0.05,0,-0.5,-0.5,80.8,90.5,11.7
Willian,br BRA,"FW,MF",Fulham,35,1988,10,2,257,0,0,0,0,0.3,0.3,0.5,0.8,11,40,33,0,0,0.0,0.0,0.0,0.1,0.18,0.1,0.0,0.28,0,-0.3,-0.5,25.7,20.0,5.1
Jannik Vestergaard,dk DEN,DF,Leicester City,31,1992,18,16,1391,0,0,0,0,0.1,0.1,0.1,0.2,3,32,2,5,0,0.0,0.0,0.0,0.01,0.01,0.01,0.0,0.01,0,-0.1,-0.1,77.3,88.9,3.5
Jay Robinson,eng ENG,"MF,FW",Southampton,17,2007,4,1,137,0,0,0,0,0.0,0.0,0.7,0.7,3,1,10,0,0,0.0,0.0,0.0,0.03,0.44,0.03,0.0,0.47,0,0.0,-0.7,34.2,25.0,0.4
Welington,br BRA,DF,Southampton,23,2001,10,6,482,0,0,0,0,0.0,0.0,0.1,0.1,5,11,19,1,0,0.0,0.0,0.0,0.01,0.01,0.01,0.0,0.02,0,0.0,-0.1,48.2,60.0,1.6
Julio Soler,ar ARG,"DF,FW",Bournemouth,19,2005,3,0,11,0,0,0,0,0.0,0.0,0.0,0.0,0,0,2,0,0,0.0,0.0,0.0,0.0,0.0,0.0,0.0,0.0,0,0.0,0.0,3.7,0.0,0.0
Rodri,es ESP,MF,Manchester City,28,1996,3,1,73,0,0,0,0,0.0,0.0,0.0,0.0,1,4,1,0,0,0.0,0.0,0.0,0.0,0.06,0.0,0.0,0.06,0,0.0,0.0,24.3,33.3,0.5
Jakub Stolarczyk,pl POL,GK,Leicester City,23,2000,10,10,900,0,0,0,0,0.0,0.0,0.0,0.0,0,1,0,1,0,0.0,0.0,0.0,0.0,0.0,0.0,0.0,0.0,0,0.0,0.0,90.0,100.0,0.1
Robert Sánchez,es ESP,GK,Chelsea,26,1997,32,32,2880,0,0,0,0,0.0,0.0,0.1,0.1,0,1,0,5,0,0.0,0.0,0.0,0.0,0.0,0.0,0.0,0.0,0,0.0,-0.1,90.0,100.0,0.1
Zain Silcott-Duberry,ms MSR,FW,Bournemouth,19,2005,1,0,1,0,0,0,0,0.0,0.0,0.0,0.0,0,0,0,0,0,0.0,0.0,0.0,0.0,0.0,0.0,0.0,0.0,0,0.0,0.0,1.0,0.0,0.0
Boubakary Soumaré,fr FRA,MF,Leicester City,25,1999,31,25,2171,0,0,0,0,0.3,0.3,0.4,0.7,34,105,23,8,0,0.0,0.0,0.0,0.01,0.02,0.01,0.0,0.03,0,-0.3,-0.4,70.0,80.6,13.9
Jay Stansfield,eng ENG,MF,Fulham,21,2002,1,0,1,0,0,0,0,0.0,0.0,0.0,0.0,0,0,0,0,0,0.0,0.0,0.0,0.0,0.0,0.0,0.0,0.0,0,0.0,0.0,1.0,0.0,0.0
Jason Steele,eng ENG,GK,Brighton,33,1990,2,2,180,0,0,0,0,0.0,0.0,0.0,0.0,0,0,0,0,0,0.0,0.0,0.0,0.0,0.0,0.0,0.0,0.0,0,0.0,0.0,90.0,100.0,0.0
José Sá,pt POR,GK,Wolves,31,1993,29,29,2609,0,0,0,0,0.0,0.0,0.2,0.2,0,2,0,2,0,0.0,0.0,0.0,0.0,0.01,0.0,0.0,0.01,0,0.0,-0.2,90.0,100.0,0.2
Matt Targett,eng ENG,DF,Newcastle Utd,28,1995,2,0,21,0,0,0,0,0.0,0.0,0.0,0.0,0,0,1,0,0,0.0,0.0,0.0,0.0,0.0,0.0,0.0,0.0,0,0.0,0.0,10.5,0.0,0.0
Callum Wilson,eng ENG,FW,Newcastle Utd,32,1992,18,2,370,0,0,0,0,0.4,0.4,0.1,0.5,5,4,17,1,0,0.0,0.0,0.0,0.09,0.03,0.09,0.0,0.12,0,-0.4,-0.1,20.6,11.1,0.9
Oliver Scarles,eng ENG,"DF,FW",West Ham,18,2005,15,7,665,0,0,0,0,0.1,0.1,0.1,0.2,12,22,44,1,0,0.0,0.0,0.0,0.01,0.01,0.01,0.0,0.03,0,-0.1,-0.1,44.3,46.7,3.4
David Raya,es ESP,GK,Arsenal,28,1995,38,38,3420,0,0,0,0,0.0,0.0,0.0,0.0,0,14,0,3,0,0.0,0.0,0.0,0.0,0.0,0.0,0.0,0.0,0,0.0,0.0,90.0,100.0,1.4
Thiago,br BRA,"FW,MF",Brentford,23,2001,8,1,175,0,0,0,0,0.1,0.1,0.1,0.2,3,4,8,0,0,0.0,0.0,0.0,0.07,0.04,0.07,0.0,0.1,0,-0.1,-0.1,21.9,12.5,0.7
Yehor Yarmoliuk,ua UKR,MF,Brentford,20,2004,31,15,1450,0,0,0,0,0.6,0.6,0.9,1.5,15,63,47,6,0,0.0,0.0,0.0,0.04,0.05,0.04,0.0,0.09,0,-0.6,-0.9,46.8,48.4,7.8
Aaron Ramsdale,eng ENG,GK,Southampton,26,1998,30,30,2700,0,0,0,0,0.0,0.0,0.0,0.0,0,0,0,2,0,0.0,0.0,0.0,0.0,0.0,0.0,0.0,0.0,0,0.0,0.0,90.0,100.0,0.0
Jeffrey Schlupp,gh GHA,"MF,DF",Crystal Palace,31,1992,12,0,103,0,0,0,0,0.2,0.2,0.2,0.3,4,5,9,0,0,0.0,0.0,0.0,0.14,0.14,0.14,0.0,0.28,0,-0.2,-0.2,8.6,0.0,0.9
Adam Webster,eng ENG,DF,Brighton,29,1995,14,11,887,0,0,0,0,0.2,0.2,0.5,0.7,8,63,2,1,0,0.0,0.0,0.0,0.03,0.05,0.03,0.0,0.08,0,-0.2,-0.5,63.4,78.6,7.1
Adam Smith,eng ENG,DF,Bournemouth,33,1991,25,19,1590,0,0,0,0,0.7,0.7,0.4,1.1,15,49,34,7,0,0.0,0.0,0.0,0.04,0.02,0.04,0.0,0.06,0,-0.7,-0.4,63.6,76.0,6.4
Harrison Reed,eng ENG,MF,Fulham,29,1995,12,0,108,0,0,0,0,0.2,0.2,0.1,0.3,1,4,7,2,0,0.0,0.0,0.0,0.21,0.07,0.21,0.0,0.27,0,-0.2,-0.1,9.0,0.0,0.5
Chadi Riad,ma MAR,DF,Crystal Palace,21,2003,1,1,90,0,0,0,0,0.0,0.0,0.0,0.0,2,7,0,0,0,0.0,0.0,0.0,0.0,0.0,0.0,0.0,0.0,0,0.0,0.0,90.0,100.0,0.9
Luke Woolfenden,eng ENG,DF,Ipswich Town,25,1998,15,12,1187,0,0,0,0,0.0,0.0,0.0,0.0,7,15,0,2,0,0.0,0.0,0.0,0.0,0.0,0.0,0.0,0.0,0,0.0,0.0,79.1,80.0,2.2
Remy Rees-Dottin,eng ENG,FW,Bournemouth,18,2006,1,0,1,0,0,0,0,0.0,0.0,0.0,0.0,0,0,0,0,0,0.0,0.0,0.0,0.0,0.0,0.0,0.0,0.0,0,0.0,0.0,1.0,0.0,0.0
Sergio Reguilón,es ESP,DF,Tottenham,27,1996,4,1,196,0,0,0,0,0.1,0.1,0.0,0.1,5,13,12,2,0,0.0,0.0,0.0,0.05,0.01,0.05,0.0,0.07,0,-0.1,0.0,49.0,25.0,1.8
Nathan Wood-Gordon,eng ENG,DF,Southampton,22,2002,11,9,773,0,0,0,0,0.2,0.2,0.0,0.3,2,17,0,2,0,0.0,0.0,0.0,0.03,0.0,0.03,0.0,0.03,0,-0.2,0.0,70.3,81.8,1.9
Vitor Reis,br BRA,DF,Manchester City,18,2006,1,0,1,0,0,0,0,0.0,0.0,0.0,0.0,0,0,0,0,0,0.0,0.0,0.0,0.0,0.0,0.0,0.0,0.0,0,0.0,0.0,1.0,0.0,0.0
Ben Winterburn,eng ENG,"MF,FW",Bournemouth,19,2004,4,0,24,0,0,0,0,0.0,0.0,0.0,0.0,2,0,2,0,0,0.0,0.0,0.0,0.0,0.0,0.0,0.0,0.0,0,0.0,0.0,6.0,0.0,0.2
Luke Shaw,eng ENG,DF,Manchester Utd,29,1995,7,4,349,0,0,0,0,0.0,0.0,0.7,0.7,7,24,7,1,0,0.0,0.0,0.0,0.01,0.18,0.01,0.0,0.19,0,0.0,-0.7,49.9,57.1,3.1
Max Aarons,eng ENG,DF,Bournemouth,24,2000,3,1,86,0,0,0,0,0.0,0.0,0.0,0.0,1,8,3,0,0,0.0,0.0,0.0,0.0,0.0,0.0,0.0,0.0,0,0.0,0.0,28.7,33.3,0.9
Alex Palmer,eng ENG,GK,Ipswich Town,27,1996,13,13,1170,0,0,0,0,0.0,0.0,0.0,0.0,0,1,0,2,0,0.0,0.0,0.0,0.0,0.0,0.0,0.0,0.0,0,0.0,0.0,90.0,100.0,0.1
Eiran Cashin,ie IRL,DF,Brighton,22,2001,2,0,20,0,0,0,0,0.0,0.0,0.0,0.0,0,6,1,0,0,0.0,0.0,0.0,0.0,0.0,0.0,0.0,0.0,0,0.0,0.0,10.0,0.0,0.6
Craig Dawson,eng ENG,DF,Wolves,34,1990,15,10,971,0,0,0,0,0.5,0.5,0.0,0.5,6,20,5,2,0,0.0,0.0,0.0,0.05,0.0,0.05,0.0,0.05,0,-0.5,0.0,64.7,66.7,2.6
Ben Davies,wls WAL,DF,Tottenham,31,1993,17,14,1331,0,0,0,0,0.3,0.3,0.2,0.5,14,52,6,5,0,0.0,0.0,0.0,0.02,0.01,0.02,0.0,0.03,0,-0.3,-0.2,78.3,82.4,6.6
Kevin Danso,at AUT,DF,Tottenham,25,1998,10,9,842,0,0,0,0,0.4,0.4,0.1,0.5,11,19,1,0,0,0.0,0.0,0.0,0.04,0.01,0.04,0.0,0.05,0,-0.4,-0.1,84.2,90.0,3.0
Jayden Danns,eng ENG,MF,Liverpool,18,2006,1,0,11,0,0,0,0,0.0,0.0,0.0,0.0,0,0,0,0,0,0.0,0.0,0.0,0.0,0.0,0.0,0.0,0.0,0,0.0,0.0,11.0,0.0,0.0
Danilo,br BRA,"MF,FW",Nott'ham Forest,23,2001,8,5,275,0,0,0,0,0.0,0.0,0.0,0.0,2,11,1,0,0,0.0,0.0,0.0,0.0,0.0,0.0,0.0,0.0,0,0.0,0.0,34.4,62.5,1.3
Jorge Cuenca,es ESP,DF,Fulham,24,1999,8,4,351,0,0,0,0,0.0,0.0,0.0,0.0,0,10,0,0,0,0.0,0.0,0.0,0.01,0.0,0.01,0.0,0.01,0,0.0,0.0,43.9,50.0,1.0
Aaron Cresswell,eng ENG,DF,West Ham,34,1989,18,10,824,0,0,0,0,0.2,0.2,1.3,1.6,6,36,4,3,0,0.0,0.0,0.0,0.03,0.15,0.03,0.0,0.17,0,-0.2,-1.3,45.8,55.6,4.2
Woyo Coulibaly,ml MLI,DF,Leicester City,25,1999,4,1,109,0,0,0,0,0.0,0.0,0.0,0.0,4,3,2,1,0,0.0,0.0,0.0,0.04,0.0,0.04,0.0,0.04,0,0.0,0.0,27.2,25.0,0.7
Vladimír Coufal,cz CZE,DF,West Ham,31,1992,22,11,1067,0,0,0,0,0.3,0.3,0.7,1.0,26,39,33,5,0,0.0,0.0,0.0,0.03,0.06,0.03,0.0,0.08,0,-0.3,-0.7,48.5,50.0,6.5
Maxwel Cornet,ci CIV,FW,Southampton,27,1996,2,1,72,0,0,0,0,0.2,0.2,0.0,0.2,1,0,5,1,0,0.0,0.0,0.0,0.2,0.0,0.2,0.0,0.2,0,-0.2,0.0,36.0,50.0,0.1
Toby Collyer,eng ENG,MF,Manchester Utd,20,2004,6,0,179,0,0,0,0,0.2,0.2,0.3,0.4,0,5,2,0,0,0.0,0.0,0.0,0.09,0.13,0.09,0.0,0.22,0,-0.2,-0.3,29.8,0.0,0.5
Séamus Coleman,ie IRL,DF,Everton,35,1988,5,3,215,0,0,0,0,0.6,0.6,0.0,0.6,1,11,7,1,0,0.0,0.0,0.0,0.24,0.0,0.24,0.0,0.24,0,-0.6,0.0,43.0,60.0,1.2
Nathaniel Clyne,eng ENG,"DF,MF",Crystal Palace,33,1991,13,5,483,0,0,0,0,0.0,0.0,0.3,0.3,6,7,8,1,0,0.0,0.0,0.0,0.0,0.06,0.0,0.0,0.06,0,0.0,-0.3,37.2,38.5,1.3
Harry Clarke,eng ENG,DF,Ipswich Town,23,2001,7,4,379,0,0,0,0,0.1,0.1,0.0,0.1,5,14,2,3,1,0.0,0.0,0.0,0.02,0.01,0.02,0.0,0.03,0,-0.1,0.0,54.1,57.1,1.9
Hamza Choudhury,bd BAN,"MF,DF",Leicester City,26,1997,4,1,131,0,0,0,0,0.0,0.0,0.4,0.4,4,3,6,0,0,0.0,0.0,0.0,0.0,0.27,0.0,0.0,0.27,0,0.0,-0.4,32.8,25.0,0.7
Chiquinho,pt POR,MF,Wolves,24,2000,1,0,7,0,0,0,0,0.0,0.0,0.0,0.0,0,0,0,0,0,0.0,0.0,0.0,0.0,0.42,0.0,0.0,0.42,0,0.0,0.0,7.0,0.0,0.0
Federico Chiesa,it ITA,FW,Liverpool,26,1997,6,1,108,0,0,0,0,0.3,0.3,0.2,0.5,3,3,7,0,0,0.0,0.0,0.0,0.28,0.15,0.28,0.0,0.43,0,-0.3,-0.2,18.0,16.7,0.6
Sepp van den Berg,nl NED,DF,Brentford,22,2001,31,29,2586,0,0,0,0,2.0,2.0,0.8,2.8,12,79,28,3,0,0.0,0.0,0.0,0.07,0.03,0.07,0.0,0.1,0,-2.0,-0.8,83.4,93.5,9.1
Rúben Dias,pt POR,DF,Manchester City,27,1997,27,25,2271,0,0,0,0,1.5,1.5,0.3,1.8,43,160,8,4,0,0.0,0.0,0.0,0.06,0.01,0.06,0.0,0.07,0,-1.5,-0.3,84.1,92.6,20.3
Issa Diop,fr FRA,DF,Fulham,27,1997,21,15,1339,0,0,0,0,0.5,0.5,0.1,0.6,6,25,3,2,0,0.0,0.0,0.0,0.04,0.01,0.04,0.0,0.04,0,-0.5,-0.1,63.8,71.4,3.1
Claudio Echeverri,ar ARG,FW,Manchester City,18,2006,1,0,6,0,0,0,0,0.0,0.0,0.0,0.0,0,1,1,0,0,0.0,0.0,0.0,0.0,0.0,0.0,0.0,0.0,0,0.0,0.0,6.0,0.0,0.1
Julio Enciso,py PAR,"MF,FW",Brighton,20,2004,12,2,294,0,0,0,0,1.0,1.0,0.2,1.2,11,14,17,0,0,0.0,0.0,0.0,0.31,0.07,0.31,0.0,0.38,0,-1.0,-0.2,24.5,16.7,2.5
Yunus Emre Konak,tr TUR,"FW,MF",Brentford,18,2006,10,0,42,0,0,0,0,0.2,0.2,0.0,0.2,1,2,2,0,0,0.0,0.0,0.0,0.33,0.0,0.33,0.0,0.33,0,-0.2,0.0,4.2,0.0,0.3
Ronnie Edwards,eng ENG,DF,Southampton,21,2003,1,0,12,0,0,0,0,0.0,0.0,0.0,0.0,0,0,0,0,0,0.0,0.0,0.0,0.0,0.0,0.0,0.0,0.0,0,0.0,0.0,12.0,0.0,0.0
Samuel Edozie,eng ENG,"DF,FW",Southampton,21,2003,2,0,65,0,0,0,0,0.0,0.0,0.1,0.1,6,4,23,1,0,0.0,0.0,0.0,0.0,0.14,0.0,0.0,0.14,0,0.0,-0.1,32.5,0.0,1.0
Odsonne Édouard,fr FRA,FW,Leicester City,26,1998,4,0,29,0,0,0,0,0.0,0.0,0.0,0.0,0,1,2,0,0,0.0,0.0,0.0,0.0,0.13,0.0,0.0,0.13,0,0.0,0.0,7.2,0.0,0.1
Odsonne Édouard,fr FRA,"MF,FW",Crystal Palace,26,1998,2,1,115,0,0,0,0,0.4,0.4,0.0,0.4,3,4,7,0,0,0.0,0.0,0.0,0.31,0.04,0.31,0.0,0.34,0,-0.4,0.0,57.5,50.0,0.7
George Edmundson,eng ENG,DF,Ipswich Town,26,1997,1,0,2,0,0,0,0,0.0,0.0,0.0,0.0,0,0,0,0,0,0.0,0.0,0.0,0.0,0.0,0.0,0.0,0.0,0,0.0,0.0,2.0,0.0,0.0
Lewis Dunk,eng ENG,DF,Brighton,32,1991,25,23,2083,0,0,0,0,0.8,0.8,0.5,1.3,20,142,3,5,0,0.0,0.0,0.0,0.03,0.02,0.03,0.0,0.06,0,-0.8,-0.5,83.3,92.0,16.2
Axel Disasi,fr FRA,DF,Aston Villa,26,1998,7,5,490,0,0,0,0,0.1,0.1,0.4,0.5,10,16,5,2,0,0.0,0.0,0.0,0.02,0.07,0.02,0.0,0.09,0,-0.1,-0.4,70.0,71.4,2.6
Martin Dúbravka,sk SVK,GK,Newcastle Utd,35,1989,10,10,900,0,0,0,0,0.0,0.0,0.0,0.0,0,0,0,0,0,0.0,0.0,0.0,0.0,0.0,0.0,0.0,0.0,0,0.0,0.0,90.0,100.0,0.0
Radu Drăgușin,ro ROU,DF,Tottenham,22,2002,16,14,1252,0,0,0,0,0.1,0.1,0.4,0.5,7,37,2,1,0,0.0,0.0,0.0,0.01,0.03,0.01,0.0,0.04,0,-0.1,-0.4,78.2,87.5,4.4
Cheick Doucouré,ml MLI,MF,Crystal Palace,24,2000,13,4,452,0,0,0,0,0.4,0.4,0.0,0.4,2,19,7,1,0,0.0,0.0,0.0,0.08,0.0,0.08,0.0,0.08,0,-0.4,0.0,34.8,30.8,2.1
Alfie Dorrington,eng ENG,DF,Tottenham,19,2005,1,0,14,0,0,0,0,0.0,0.0,0.0,0.0,0,0,0,0,0,0.0,0.0,0.0,0.0,0.0,0.0,0.0,0.0,0,0.0,0.0,14.0,0.0,0.0
Patrick Dorgu,dk DEN,DF,Manchester Utd,19,2004,12,10,842,0,0,0,0,0.4,0.4,0.7,1.2,41,34,83,3,1,0.0,0.0,0.0,0.05,0.08,0.05,0.0,0.12,0,-0.4,-0.7,70.2,83.3,7.5
Nasser Djiga,bf BFA,DF,Wolves,21,2002,5,1,66,0,0,0,0,0.0,0.0,0.0,0.0,0,3,2,0,0,0.0,0.0,0.0,0.0,0.0,0.0,0.0,0.0,0,0.0,0.0,13.2,20.0,0.3
Roman Dixon,eng ENG,DF,Everton,19,2004,1,1,90,0,0,0,0,0.0,0.0,0.0,0.0,0,0,1,0,0,0.0,0.0,0.0,0.0,0.0,0.0,0.0,0.0,0,0.0,0.0,90.0,100.0,0.0
Youssef Chermiti,pt POR,"FW,MF",Everton,20,2004,4,0,45,0,0,0,0,0.1,0.1,0.0,0.1,0,1,6,1,0,0.0,0.0,0.0,0.22,0.0,0.22,0.0,0.22,0,-0.1,0.0,11.2,0.0,0.1
Kaelan Casey,eng ENG,DF,West Ham,19,2004,1,0,1,0,0,0,0,0.0,0.0,0.0,0.0,0,0,0,0,0,0.0,0.0,0.0,0.0,0.0,0.0,0.0,0.0,0,0.0,0.0,1.0,0.0,0.0
Stefan Ortega,de GER,GK,Manchester City,31,1992,13,12,1100,0,0,0,0,0.0,0.0,0.0,0.0,0,0,0,1,0,0.0,0.0,0.0,0.0,0.0,0.0,0.0,0.0,0,0.0,0.0,84.6,92.3,0.0
Diego Carlos,br BRA,DF,Aston Villa,31,1993,10,8,830,0,0,0,0,0.6,0.6,0.0,0.6,3,34,0,1,0,0.0,0.0,0.0,0.07,0.0,0.07,0.0,0.07,0,-0.6,0.0,83.0,80.0,3.7
Julian Araujo,mx MEX,DF,Bournemouth,22,2001,12,7,497,0,0,0,0,0.0,0.0,0.1,0.1,4,14,22,2,0,0.0,0.0,0.0,0.0,0.01,0.0,0.0,0.01,0,0.0,-0.1,41.4,58.3,1.8
Antony,br BRA,"DF,MF",Manchester Utd,24,2000,8,0,141,0,0,0,0,1.0,1.0,0.1,1.1,5,6,7,0,0,0.0,0.0,0.0,0.65,0.08,0.65,0.0,0.73,0,-1.0,-0.1,17.6,0.0,1.1
André,br BRA,MF,Wolves,23,2001,33,31,2472,0,0,0,0,0.4,0.4,0.8,1.3,10,109,11,7,0,0.0,0.0,0.0,0.02,0.03,0.02,0.0,0.05,0,-0.4,-0.8,74.9,93.9,11.9
Joachim Andersen,dk DEN,DF,Fulham,28,1996,29,29,2583,0,0,0,0,1.0,1.0,0.5,1.5,16,112,2,6,1,0.0,0.0,0.0,0.04,0.02,0.04,0.0,0.05,0,-1.0,-0.5,89.1,100.0,12.8
Joachim Andersen,dk DEN,DF,Crystal Palace,28,1996,1,1,90,0,0,0,0,0.0,0.0,0.0,0.0,1,4,1,1,0,0.0,0.0,0.0,0.04,0.0,0.04,0.0,0.04,0,0.0,0.0,90.0,100.0,0.5
Mathis Amougou,fr FRA,MF,Chelsea,18,2006,1,0,8,0,0,0,0,0.0,0.0,0.0,0.0,0,1,0,0,0,0.0,0.0,0.0,0.0,0.0,0.0,0.0,0.0,0,0.0,0.0,8.0,0.0,0.1
Samuel Amo-Ameyaw,eng ENG,"FW,DF",Southampton,18,2006,2,0,28,0,0,0,0,0.0,0.0,0.1,0.1,1,0,3,1,0,0.0,0.0,0.0,0.07,0.22,0.07,0.0,0.29,0,0.0,-0.1,14.0,0.0,0.1
Harry Amass,eng ENG,DF,Manchester Utd,17,2007,5,4,346,0,0,0,0,0.1,0.1,0.0,0.1,9,7,23,0,0,0.0,0.0,0.0,0.02,0.01,0.02,0.0,0.02,0,-0.1,0.0,69.2,80.0,1.6
Will Alves,eng ENG,FW,Leicester City,19,2005,1,0,1,0,0,0,0,0.0,0.0,0.0,0.0,0,0,1,0,0,0.0,0.0,0.0,0.0,0.0,0.0,0.0,0.0,0,0.0,0.0,1.0,0.0,0.0
Olabade Aluko,eng ENG,DF,Leicester City,18,2006,1,0,2,0,0,0,0,0.0,0.0,0.0,0.0,0,0,0,0,0,0.0,0.0,0.0,0.0,0.0,0.0,0.0,0.0,0,0.0,0.0,2.0,0.0,0.0
Miguel Almirón,py PAR,FW,Newcastle Utd,30,1994,9,1,157,0,0,0,0,0.5,0.5,0.3,0.8,3,6,18,0,0,0.0,0.0,0.0,0.3,0.15,0.3,0.0,0.45,0,-0.5,-0.3,17.4,11.1,0.9
Alisson,br BRA,GK,Liverpool,31,1992,28,28,2508,0,0,0,0,0.0,0.0,0.6,0.6,0,1,0,0,0,0.0,0.0,0.0,0.0,0.02,0.0,0.0,0.02,0,0.0,-0.6,89.6,100.0,0.1
Carlos Alcaraz,ar ARG,MF,Southampton,21,2002,1,0,10,0,0,0,0,0.1,0.1,0.1,0.2,4,6,1,0,0,0.0,0.0,0.0,0.62,0.86,0.62,0.0,1.48,0,-0.1,-0.1,10.0,0.0,1.0
Nathan Aké,nl NED,DF,Manchester City,29,1995,10,8,678,0,0,0,0,0.2,0.2,0.0,0.2,12,50,2,0,0,0.0,0.0,0.0,0.03,0.0,0.03,0.0,0.03,0,-0.2,0.0,67.8,80.0,6.2
Manuel Akanji,ch SUI,DF,Manchester City,29,1995,26,23,2014,0,0,0,0,1.6,1.6,0.4,1.9,46,158,7,3,0,0.0,0.0,0.0,0.07,0.02,0.07,0.0,0.09,0,-1.6,-0.4,77.5,88.5,20.4
Kristoffer Ajer,no NOR,DF,Brentford,26,1998,24,17,1438,0,0,0,0,1.0,1.0,1.2,2.2,27,56,44,5,0,0.0,0.0,0.0,0.06,0.08,0.06,0.0,0.14,0,-1.0,-1.2,59.9,70.8,8.3
Asher Agbinone,eng ENG,MF,Crystal Palace,18,2005,2,0,6,0,0,0,0,0.0,0.0,0.0,0.1,2,0,1,0,0,0.0,0.0,0.0,0.29,0.5,0.29,0.0,0.79,0,0.0,0.0,3.0,0.0,0.2
Alphonse Areola,fr FRA,GK,West Ham,31,1993,26,25,2260,0,0,0,0,0.0,0.0,0.0,0.0,0,1,0,0,0,0.0,0.0,0.0,0.0,0.0,0.0,0.0,0.0,0,0.0,0.0,86.9,96.2,0.1
Harrison Armstrong,eng ENG,MF,Everton,17,2007,3,0,48,0,0,0,0,0.4,0.4,0.1,0.4,1,1,0,1,0,0.0,0.0,0.0,0.69,0.14,0.69,0.0,0.82,0,-0.4,-0.1,16.0,0.0,0.2
Kepa Arrizabalaga,es ESP,GK,Bournemouth,29,1994,31,31,2790,0,0,0,0,0.1,0.1,0.0,0.1,0,2,0,3,0,0.0,0.0,0.0,0.0,0.0,0.0,0.0,0.0,0,-0.1,0.0,90.0,100.0,0.2
Lamare Bogarde,nl NED,"DF,MF",Aston Villa,20,2004,8,5,476,0,0,0,0,0.0,0.0,0.1,0.2,12,14,9,2,0,0.0,0.0,0.0,0.01,0.02,0.01,0.0,0.03,0,0.0,-0.1,59.5,62.5,2.6
Nathan Butler-Oyedeji,eng ENG,FW,Arsenal,21,2003,1,0,7,0,0,0,0,0.1,0.1,0.0,0.1,0,0,0,0,0,0.0,0.0,0.0,0.94,0.0,0.94,0.0,0.94,0,-0.1,0.0,7.0,0.0,0.0
Santiago Bueno,uy URU,DF,Wolves,25,1998,29,18,1687,0,0,0,0,0.4,0.4,0.0,0.4,1,28,1,2,0,0.0,0.0,0.0,0.02,0.0,0.02,0.0,0.02,0,-0.4,0.0,58.2,62.1,2.9
Emi Buendía,ar ARG,"MF,FW",Aston Villa,27,1996,12,0,98,0,0,0,0,0.7,0.7,0.0,0.7,3,7,6,1,0,0.0,0.0,0.0,0.6,0.02,0.6,0.0,0.62,0,-0.7,0.0,8.2,0.0,1.0
Armando Broja,al ALB,FW,Everton,22,2001,10,4,334,0,0,0,0,0.1,0.1,0.2,0.3,12,2,26,1,0,0.0,0.0,0.0,0.03,0.05,0.03,0.0,0.08,0,-0.1,-0.2,33.4,40.0,1.4
Ben Brereton,cl CHI,FW,Southampton,25,1999,10,4,449,0,0,0,0,0.9,0.9,0.1,1.0,12,9,42,1,0,0.0,0.0,0.0,0.18,0.02,0.18,0.0,0.2,0,-0.9,-0.1,44.9,40.0,2.1
Sven Botman,nl NED,DF,Newcastle Utd,24,2000,8,6,412,0,0,0,0,0.5,0.5,0.5,1.1,0,7,0,1,0,0.0,0.0,0.0,0.12,0.12,0.12,0.0,0.24,0,-0.5,-0.5,51.5,75.0,0.7
Willy Boly,ci CIV,DF,Nott'ham Forest,33,1991,6,1,150,0,0,0,0,0.1,0.1,0.0,0.1,0,2,0,1,0,0.0,0.0,0.0,0.04,0.0,0.04,0.0,0.04,0,-0.1,0.0,25.0,16.7,0.2
Oscar Bobb,no NOR,FW,Manchester City,21,2003,3,0,16,0,0,0,0,0.0,0.0,0.1,0.1,1,1,1,0,0,0.0,0.0,0.0,0.0,0.41,0.0,0.0,0.41,0,0.0,-0.1,5.3,0.0,0.2
Brandon Austin,eng ENG,GK,Tottenham,25,1999,1,1,90,0,0,0,0,0.0,0.0,0.0,0.0,0,0,0,0,0,0.0,0.0,0.0,0.0,0.0,0.0,0.0,0.0,0,0.0,0.0,90.0,100.0,0.0
Philip Billing,dk DEN,MF,Bournemouth,28,1996,10,1,184,0,0,0,0,0.6,0.6,1.1,1.7,3,15,13,1,0,0.0,0.0,0.0,0.28,0.54,0.28,0.0,0.82,0,-0.6,-1.1,18.4,10.0,1.8
Sander Berge,no NOR,MF,Fulham,26,1998,31,26,2224,0,0,0,0,0.4,0.4,0.6,1.0,29,124,9,6,0,0.0,0.0,0.0,0.01,0.03,0.01,0.0,0.04,0,-0.4,-0.6,71.7,83.9,15.3
Daniel Bentley,eng ENG,GK,Wolves,31,1993,2,2,180,0,0,0,0,0.0,0.0,0.0,0.0,0,0,0,0,0,0.0,0.0,0.0,0.0,0.0,0.0,0.0,0.0,0,0.0,0.0,90.0,100.0,0.0
Armel Bella Kotchap,de GER,DF,Southampton,22,2001,4,2,331,0,0,0,0,0.3,0.3,0.0,0.3,0,5,0,0,0,0.0,0.0,0.0,0.09,0.0,0.09,0.0,0.09,0,-0.3,0.0,82.8,50.0,0.5
Altay Bayındır,tr TUR,GK,Manchester Utd,26,1998,4,4,360,0,0,0,0,0.0,0.0,0.0,0.0,0,0,0,0,0,0.0,0.0,0.0,0.0,0.0,0.0,0.0,0.0,0,0.0,0.0,90.0,100.0,0.0
Benoît Badiashile,fr FRA,DF,Chelsea,23,2001,5,3,334,0,0,0,0,0.0,0.0,0.0,0.0,3,17,2,0,0,0.0,0.0,0.0,0.0,0.0,0.0,0.0,0.0,0,0.0,0.0,66.8,60.0,2.0
Jordan Ayew,gh GHA,"FW,MF",Crystal Palace,32,1991,1,0,21,0,0,0,0,0.5,0.5,0.0,0.5,0,0,1,1,0,0.0,0.0,0.0,1.96,0.21,1.96,0.0,2.17,0,-0.5,0.0,21.0,0.0,0.0
Wataru Endo,jp JPN,"MF,DF",Liverpool,31,1993,20,1,273,0,0,0,0,0.0,0.0,0.1,0.1,1,19,8,0,0,0.0,0.0,0.0,0.0,0.02,0.0,0.0,0.02,0,0.0,-0.1,13.6,5.0,2.0
Jake Evans,wls WAL,FW,Leicester City,18,2006,4,0,24,0,0,0,0,0.0,0.0,0.0,0.0,0,0,1,0,0,0.0,0.0,0.0,0.0,0.0,0.0,0.0,0.0,0,0.0,0.0,6.0,0.0,0.0
Jonny Evans,nir NIR,DF,Manchester Utd,36,1988,7,3,315,0,0,0,0,0.1,0.1,0.0,0.1,3,10,3,1,0,0.0,0.0,0.0,0.04,0.0,0.04,0.0,0.04,0,-0.1,0.0,45.0,42.9,1.3
Łukasz Fabiański,pl POL,GK,West Ham,39,1985,14,13,1160,0,0,0,0,0.0,0.0,0.0,0.0,0,0,0,2,0,0.0,0.0,0.0,0.0,0.0,0.0,0.0,0.0,0,0.0,0.0,82.9,92.9,0.0
Jayden Meghoma,eng ENG,DF,Brentford,18,2006,1,0,5,0,0,0,0,0.0,0.0,0.0,0.0,0,0,0,0,0,0.0,0.0,0.0,0.0,0.0,0.0,0.0,0.0,0,0.0,0.0,5.0,0.0,0.0
Ben Mee,eng ENG,DF,Brentford,34,1989,7,2,183,0,0,0,0,0.0,0.0,0.0,0.0,3,11,2,2,0,0.0,0.0,0.0,0.0,0.0,0.0,0.0,0.0,0,0.0,0.0,26.1,28.6,1.4
Scott McTominay,sct SCO,MF,Manchester Utd,27,1996,2,0,19,0,0,0,0,0.1,0.1,0.0,0.1,0,1,2,0,0,0.0,0.0,0.0,0.33,0.0,0.33,0.0,0.33,0,-0.1,0.0,9.5,0.0,0.1
Alex McCarthy,eng ENG,GK,Southampton,34,1989,5,5,450,0,0,0,0,0.0,0.0,0.0,0.0,0,0,0,0,0,0.0,0.0,0.0,0.0,0.0,0.0,0.0,0.0,0,0.0,0.0,90.0,100.0,0.0
Konstantinos Mavropanos,gr GRE,DF,West Ham,26,1997,33,21,2045,0,0,0,0,1.5,1.5,0.5,2.0,17,61,2,6,1,0.0,0.0,0.0,0.07,0.02,0.07,0.0,0.09,0,-1.5,-0.5,62.0,63.6,7.8
Emiliano Martínez,ar ARG,GK,Aston Villa,31,1992,37,37,3194,0,0,0,0,0.0,0.0,0.5,0.5,0,4,0,5,1,0.0,0.0,0.0,0.0,0.02,0.0,0.0,0.02,0,0.0,-0.5,86.3,100.0,0.4
Solly March,eng ENG,"FW,MF",Brighton,30,1994,8,1,168,0,0,0,0,0.1,0.1,0.3,0.4,5,2,20,2,0,0.0,0.0,0.0,0.05,0.15,0.05,0.0,0.19,0,-0.1,-0.3,21.0,12.5,0.7
Mateus Mane,pt POR,MF,Wolves,19,2005,1,0,2,0,0,0,0,0.0,0.0,0.0,0.0,0,0,0,0,0,0.0,0.0,0.0,0.0,0.0,0.0,0.0,0.0,0,0.0,0.0,2.0,0.0,0.0
Tyrell Malacia,nl NED,DF,Manchester Utd,24,1999,3,2,100,0,0,0,0,0.0,0.0,0.0,0.0,3,3,6,1,0,0.0,0.0,0.0,0.0,0.03,0.0,0.0,0.03,0,0.0,0.0,33.3,66.7,0.6
Kobbie Mainoo,eng ENG,MF,Manchester Utd,19,2005,25,19,1651,0,0,0,0,0.7,0.7,1.6,2.3,22,65,47,5,0,0.0,0.0,0.0,0.04,0.09,0.04,0.0,0.12,0,-0.7,-1.6,66.0,76.0,8.7
Edmond-Paris Maghoma,eng ENG,"MF,FW",Brentford,23,2001,8,0,119,0,0,0,0,0.1,0.1,0.1,0.2,4,13,4,0,0,0.0,0.0,0.0,0.09,0.08,0.09,0.0,0.17,0,-0.1,-0.1,14.9,0.0,1.7
Massimo Luongo,au AUS,MF,Ipswich Town,31,1992,11,2,201,0,0,0,0,0.0,0.0,0.0,0.0,0,6,1,0,0,0.0,0.0,0.0,0.0,0.0,0.0,0.0,0.0,0,0.0,0.0,18.3,18.2,0.6
Joe Lumley,eng ENG,GK,Southampton,29,1995,3,3,270,0,0,0,0,0.0,0.0,0.0,0.0,0,0,0,0,0,0.0,0.0,0.0,0.0,0.0,0.0,0.0,0.0,0,0.0,0.0,90.0,100.0,0.0
Sean Longstaff,eng ENG,MF,Newcastle Utd,26,1997,25,8,798,0,0,0,0,0.6,0.6,0.2,0.8,4,40,22,2,0,0.0,0.0,0.0,0.07,0.02,0.07,0.0,0.09,0,-0.6,-0.2,31.9,32.0,4.4
Victor Lindelöf,se SWE,DF,Manchester Utd,30,1994,16,6,704,0,0,0,0,0.0,0.0,0.1,0.1,5,26,4,1,0,0.0,0.0,0.0,0.0,0.01,0.0,0.0,0.01,0,0.0,-0.1,44.0,37.5,3.1
Pedro Lima,br BRA,DF,Wolves,18,2006,3,1,70,0,0,0,0,0.1,0.1,0.1,0.1,4,4,11,0,0,0.0,0.0,0.0,0.07,0.09,0.07,0.0,0.16,0,-0.1,-0.1,23.3,33.3,0.8
Will Lankshear,eng ENG,"FW,MF",Tottenham,19,2005,3,0,11,0,0,0,0,0.0,0.0,0.0,0.0,0,0,1,0,0,0.0,0.0,0.0,0.0,0.0,0.0,0.0,0.0,0,0.0,0.0,3.7,0.0,0.0
Shumaira Mheuka,eng ENG,MF,Chelsea,16,2007,1,0,1,0,0,0,0,0.1,0.1,0.0,0.1,0,0,0,0,0,0.0,0.0,0.0,5.06,0.0,5.06,0.0,5.06,0,-0.1,0.0,1.0,0.0,0.0
James Milner,eng ENG,MF,Brighton,38,1986,4,3,170,0,0,0,0,0.2,0.2,0.2,0.4,1,10,10,1,0,0.0,0.0,0.0,0.09,0.12,0.09,0.0,0.21,0,-0.2,-0.2,42.5,75.0,1.1
Tyrone Mings,eng ENG,DF,Aston Villa,31,1993,14,12,1120,0,0,0,0,0.8,0.8,0.2,1.0,7,40,1,1,0,0.0,0.0,0.0,0.07,0.02,0.07,0.0,0.08,0,-0.8,-0.2,80.0,85.7,4.7
Neto,br BRA,GK,Bournemouth,35,1989,2,2,180,0,0,0,0,0.0,0.0,0.0,0.0,0,0,0,0,0,0.0,0.0,0.0,0.0,0.0,0.0,0.0,0.0,0,0.0,0.0,90.0,100.0,0.0
Lewis Orford,eng ENG,MF,West Ham,18,2006,2,0,49,0,0,0,0,0.0,0.0,0.0,0.0,0,0,1,0,0,0.0,0.0,0.0,0.05,0.04,0.05,0.0,0.09,0,0.0,0.0,24.5,0.0,0.0
Frank Onyeka,ng NGA,MF,Brentford,26,1998,2,0,25,0,0,0,0,0.0,0.0,0.0,0.0,0,1,0,0,0,0.0,0.0,0.0,0.0,0.0,0.0,0.0,0.0,0,0.0,0.0,12.5,0.0,0.1
André Onana,cm CMR,GK,Manchester Utd,28,1996,34,34,3060,0,0,0,0,0.0,0.0,0.2,0.2,0,1,0,0,0,0.0,0.0,0.0,0.0,0.0,0.0,0.0,0.0,0,0.0,-0.2,90.0,100.0,0.1
Robin Olsen,se SWE,GK,Aston Villa,34,1990,4,1,226,0,0,0,0,0.0,0.0,0.0,0.0,0,0,0,0,0,0.0,0.0,0.0,0.0,0.0,0.0,0.0,0.0,0,0.0,0.0,56.5,25.0,0.0
Chiedozie Ogbene,ie IRL,FW,Ipswich Town,27,1997,5,3,238,0,0,0,0,0.0,0.0,0.1,0.1,7,0,15,0,0,0.0,0.0,0.0,0.0,0.03,0.0,0.0,0.03,0,0.0,-0.1,47.6,60.0,0.7
Chidozie Obi-Martin,dk DEN,FW,Manchester Utd,16,2007,7,1,165,0,0,0,0,0.7,0.7,0.0,0.7,2,1,12,1,0,0.0,0.0,0.0,0.36,0.0,0.36,0.0,0.36,0,-0.7,0.0,23.6,14.3,0.3
Gustavo Nunes,br BRA,"FW,MF",Brentford,18,2005,3,0,12,0,0,0,0,0.0,0.0,0.0,0.0,1,0,0,0,0,0.0,0.0,0.0,0.0,0.0,0.0,0.0,0.0,0,0.0,0.0,4.0,0.0,0.1
Reiss Nelson,eng ENG,FW,Arsenal,24,1999,1,0,3,0,0,0,0,0.0,0.0,0.0,0.0,0,0,0,0,0,0.0,0.0,0.0,0.0,0.0,0.0,0.0,0.0,0,0.0,0.0,3.0,0.0,0.0
Jakub Moder,pl POL,MF,Brighton,25,1999,4,0,11,0,0,0,0,0.0,0.0,0.2,0.2,2,4,0,0,0,0.0,0.0,0.0,0.0,1.45,0.0,0.0,1.45,0,0.0,-0.2,2.8,0.0,0.6
Kosta Nedeljković,rs SRB,DF,Aston Villa,18,2005,5,0,126,0,0,0,0,0.0,0.0,0.0,0.0,1,6,0,0,0,0.0,0.0,0.0,0.0,0.0,0.0,0.0,0.0,0,0.0,0.0,25.2,0.0,0.7
Arijanet Muric,xk KVX,GK,Ipswich Town,25,1998,18,18,1620,0,0,0,0,0.0,0.0,0.0,0.0,0,1,0,1,0,0.0,0.0,0.0,0.0,0.0,0.0,0.0,0.0,0,0.0,0.0,90.0,100.0,0.1
Mykhailo Mudryk,ua UKR,FW,Chelsea,23,2001,7,1,151,0,0,0,0,0.3,0.3,1.0,1.2,7,5,12,0,0,0.0,0.0,0.0,0.15,0.58,0.15,0.0,0.73,0,-0.3,-1.0,21.6,14.3,1.2
Divin Mubama,eng ENG,FW,Manchester City,19,2004,1,0,28,0,0,0,0,0.0,0.0,0.0,0.0,0,1,0,0,0,0.0,0.0,0.0,0.12,0.0,0.12,0.0,0.12,0,0.0,0.0,28.0,0.0,0.1
Yerson Mosquera,co COL,DF,Wolves,23,2001,5,5,441,0,0,0,0,0.3,0.3,0.1,0.4,0,7,0,2,0,0.0,0.0,0.0,0.07,0.02,0.07,0.0,0.09,0,-0.3,-0.1,88.2,100.0,0.7
Morato,br BRA,DF,Nott'ham Forest,23,2001,26,6,907,0,0,0,0,0.2,0.2,0.0,0.2,1,19,1,5,0,0.0,0.0,0.0,0.02,0.0,0.02,0.0,0.02,0,-0.2,0.0,34.9,23.1,2.0
Jeremy Monga,be BEL,"FW,MF",Leicester City,17,2007,7,0,112,0,0,0,0,0.2,0.2,0.0,0.2,6,3,10,0,0,0.0,0.0,0.0,0.13,0.01,0.13,0.0,0.14,0,-0.2,0.0,16.0,0.0,0.9
Emil Krafth,se SWE,DF,Newcastle Utd,29,1994,12,2,342,0,0,0,0,0.0,0.0,0.1,0.1,5,8,3,2,0,0.0,0.0,0.0,0.01,0.02,0.01,0.0,0.03,0,0.0,-0.1,28.5,16.7,1.3
Caleb Kporha,eng ENG,DF,Crystal Palace,18,2006,2,0,13,0,0,0,0,0.0,0.0,0.0,0.0,1,0,0,0,0,0.0,0.0,0.0,0.0,0.0,0.0,0.0,0.0,0,0.0,0.0,6.5,0.0,0.1
Joshua Acheampong,eng ENG,DF,Chelsea,18,2006,4,2,170,0,0,0,0,0.2,0.2,0.0,0.2,0,8,0,1,0,0.0,0.0,0.0,0.12,0.0,0.12,0.0,0.12,0,-0.2,0.0,42.5,50.0,0.8
Ben Godfrey,eng ENG,DF,Ipswich Town,26,1998,3,2,159,0,0,0,0,0.0,0.0,0.0,0.0,2,4,1,1,0,0.0,0.0,0.0,0.0,0.0,0.0,0.0,0.0,0,0.0,0.0,53.0,66.7,0.6
Marc Guiu,es ESP,FW,Chelsea,18,2006,3,0,73,0,0,0,0,0.0,0.0,0.0,0.0,0,0,3,0,0,0.0,0.0,0.0,0.0,0.04,0.0,0.0,0.04,0,0.0,0.0,24.3,0.0,0.0
Luis Guilherme,br BRA,"MF,FW",West Ham,18,2006,12,1,150,0,0,0,0,0.4,0.4,0.1,0.5,4,5,16,0,0,0.0,0.0,0.0,0.25,0.05,0.25,0.0,0.3,0,-0.4,-0.1,12.5,8.3,0.9
Albert Grønbaek,dk DEN,"FW,MF",Southampton,23,2001,4,2,143,0,0,0,0,0.1,0.1,0.0,0.1,1,1,3,0,0,0.0,0.0,0.0,0.07,0.01,0.07,0.0,0.08,0,-0.1,0.0,35.8,50.0,0.2
Archie Gray,eng ENG,"DF,MF",Tottenham,18,2006,28,19,1751,0,0,0,0,0.0,0.0,0.1,0.2,7,40,17,1,0,0.0,0.0,0.0,0.0,0.01,0.0,0.0,0.01,0,0.0,-0.1,62.5,67.9,4.7
Joe Gomez,eng ENG,DF,Liverpool,27,1997,9,6,519,0,0,0,0,0.3,0.3,0.1,0.4,5,35,2,1,0,0.0,0.0,0.0,0.06,0.02,0.06,0.0,0.08,0,-0.3,-0.1,57.7,66.7,4.0
Michael Golding,eng ENG,MF,Leicester City,18,2006,1,0,1,0,0,0,0,0.0,0.0,0.0,0.0,0,0,0,0,0,0.0,0.0,0.0,0.0,0.0,0.0,0.0,0.0,0,0.0,0.0,1.0,0.0,0.0
Martial Godo,eng ENG,"FW,DF",Fulham,21,2003,2,0,24,0,0,0,0,0.0,0.0,0.1,0.1,2,3,6,0,0,0.0,0.0,0.0,0.0,0.21,0.0,0.0,0.21,0,0.0,-0.1,12.0,0.0,0.5
Billy Gilmour,sct SCO,MF,Brighton,23,2001,2,1,98,0,0,0,0,0.1,0.1,0.0,0.1,2,11,2,0,0,0.0,0.0,0.0,0.07,0.0,0.07,0.0,0.07,0,-0.1,0.0,49.0,50.0,1.3
Marcus Harness,eng ENG,MF,Ipswich Town,28,1996,2,0,45,0,0,0,0,0.0,0.0,0.0,0.0,0,2,1,0,0,0.0,0.0,0.0,0.0,0.0,0.0,0.0,0.0,0,0.0,0.0,22.5,0.0,0.2
Andrés García,es ESP,"DF,MF",Aston Villa,21,2003,7,5,318,0,0,0,0,0.0,0.0,0.2,0.2,26,15,28,0,0,0.0,0.0,0.0,0.01,0.05,0.01,0.0,0.06,0,0.0,-0.2,45.4,71.4,4.1
Tyler Fredricson,eng ENG,DF,Manchester Utd,19,2005,2,2,165,0,0,0,0,0.0,0.0,0.0,0.0,2,8,0,0,0,0.0,0.0,0.0,0.0,0.0,0.0,0.0,0.0,0,0.0,0.0,82.5,100.0,1.0
Ryan Fraser,sct SCO,"FW,DF",Southampton,30,1994,8,4,306,0,0,0,0,0.0,0.0,0.1,0.1,10,8,18,0,1,0.0,0.0,0.0,0.01,0.03,0.01,0.0,0.04,0,0.0,-0.1,38.2,50.0,1.8
Fraser Forster,eng ENG,GK,Tottenham,36,1988,7,7,630,0,0,0,0,0.0,0.0,0.0,0.0,0,0,0,0,0,0.0,0.0,0.0,0.0,0.0,0.0,0.0,0.0,0,0.0,0.0,90.0,100.0,0.0
Carlos Forbs,pt POR,"MF,FW",Wolves,20,2004,10,1,239,0,0,0,0,0.1,0.1,0.0,0.2,10,8,28,2,0,0.0,0.0,0.0,0.05,0.01,0.05,0.0,0.07,0,-0.1,0.0,23.9,10.0,1.8
Wesley Fofana,fr FRA,DF,Chelsea,23,2000,14,14,1172,0,0,0,0,0.4,0.4,0.4,0.8,19,32,4,7,0,0.0,0.0,0.0,0.03,0.03,0.03,0.0,0.06,0,-0.4,-0.4,83.7,100.0,5.1
Evan Ferguson,ie IRL,FW,West Ham,19,2004,8,1,156,0,0,0,0,0.6,0.6,0.3,0.9,1,1,7,0,0,0.0,0.0,0.0,0.32,0.17,0.32,0.0,0.5,0,-0.6,-0.3,19.5,12.5,0.2
Ali Al Hamadi,iq IRQ,FW,Ipswich Town,22,2002,11,0,134,0,0,0,0,0.4,0.4,0.1,0.4,4,3,14,3,0,0.0,0.0,0.0,0.24,0.05,0.24,0.0,0.28,0,-0.4,-0.1,12.2,0.0,0.7
Ayden Heaven,eng ENG,DF,Manchester Utd,17,2006,4,2,170,0,0,0,0,0.1,0.1,0.0,0.2,1,7,1,1,0,0.0,0.0,0.0,0.07,0.01,0.07,0.0,0.08,0,-0.1,0.0,42.5,50.0,0.8
Tom King,wls WAL,GK,Wolves,29,1995,1,0,1,0,0,0,0,0.0,0.0,0.0,0.0,0,0,0,0,0,0.0,0.0,0.0,0.0,0.0,0.0,0.0,0.0,0,0.0,0.0,1.0,0.0,0.0
Sam Johnstone,eng ENG,GK,Wolves,31,1993,7,7,630,0,0,0,0,0.0,0.0,0.0,0.0,0,0,0,0,0,0.0,0.0,0.0,0.0,0.0,0.0,0.0,0.0,0,0.0,0.0,90.0,100.0,0.0
Joshua King,eng ENG,MF,Fulham,17,2007,8,1,130,0,0,0,0,0.3,0.3,0.4,0.7,3,9,16,0,0,0.0,0.0,0.0,0.22,0.3,0.22,0.0,0.51,0,-0.3,-0.4,16.2,12.5,1.2
Abdukodir Khusanov,uz UZB,DF,Manchester City,20,2004,6,6,503,0,0,0,0,0.0,0.0,0.1,0.1,1,25,2,1,0,0.0,0.0,0.0,0.0,0.02,0.0,0.0,0.02,0,0.0,-0.1,83.8,100.0,2.6
Caoimhín Kelleher,ie IRL,GK,Liverpool,25,1998,10,10,900,0,0,0,0,0.0,0.0,0.0,0.0,0,0,0,0,0,0.0,0.0,0.0,0.0,0.0,0.0,0.0,0.0,0,0.0,0.0,90.0,100.0,0.0
Joachim Kayi Sanda,fr FRA,DF,Southampton,17,2006,2,0,14,0,0,0,0,0.0,0.0,0.0,0.0,0,1,0,0,0,0.0,0.0,0.0,0.0,0.0,0.0,0.0,0.0,0,0.0,0.0,7.0,0.0,0.1
Daichi Kamada,jp JPN,MF,Crystal Palace,27,1996,34,15,1564,0,0,0,0,1.1,1.1,1.9,3.0,25,89,56,4,1,0.0,0.0,0.0,0.06,0.11,0.06,0.0,0.17,0,-1.1,-1.9,46.0,44.1,11.4
Filip Jørgensen,dk DEN,GK,Chelsea,22,2002,6,6,540,0,0,0,0,0.0,0.0,0.0,0.0,0,0,0,0,0,0.0,0.0,0.0,0.0,0.0,0.0,0.0,0.0,0,0.0,0.0,90.0,100.0,0.0
Jorginho,it ITA,MF,Arsenal,32,1991,15,9,704,0,0,0,0,0.1,0.1,0.4,0.5,12,48,6,5,0,0.0,0.0,0.0,0.01,0.05,0.01,0.0,0.06,0,-0.1,-0.4,46.9,60.0,6.0
Kim Jisoo,kr KOR,DF,Brentford,19,2004,3,0,30,0,0,0,0,0.0,0.0,0.0,0.0,0,2,0,0,0,0.0,0.0,0.0,0.0,0.0,0.0,0.0,0.0,0,0.0,0.0,10.0,0.0,0.2
Dean Henderson,eng ENG,GK,Crystal Palace,27,1997,38,38,3420,0,0,0,0,0.0,0.0,0.2,0.2,0,0,0,3,0,0.0,0.0,0.0,0.0,0.0,0.0,0.0,0.0,0,0.0,-0.2,90.0,100.0,0.0
Vitezslav Jaros,cz CZE,GK,Liverpool,23,2001,1,0,12,0,0,0,0,0.0,0.0,0.0,0.0,0,0,0,0,0,0.0,0.0,0.0,0.0,0.0,0.0,0.0,0.0,0,0.0,0.0,12.0,0.0,0.0
Andy Irving,sct SCO,MF,West Ham,24,2000,10,1,166,0,0,0,0,0.1,0.1,0.2,0.4,0,9,4,2,0,0.0,0.0,0.0,0.06,0.13,0.06,0.0,0.19,0,-0.1,-0.2,16.6,10.0,0.9
Igor,br BRA,DF,Brighton,26,1998,13,10,961,0,0,0,0,0.0,0.0,0.2,0.2,9,49,1,4,0,0.0,0.0,0.0,0.0,0.02,0.0,0.0,0.02,0,0.0,-0.2,73.9,76.9,5.8
Harry Howell,eng ENG,FW,Brighton,15,2008,1,0,7,0,0,0,0,0.0,0.0,0.0,0.0,0,0,3,0,0,0.0,0.0,0.0,0.0,0.0,0.0,0.0,0.0,0,0.0,0.0,7.0,0.0,0.0
Mason Holgate,jm JAM,"FW,DF",Everton,27,1996,1,0,6,0,0,0,0,0.0,0.0,0.0,0.0,0,0,0,0,0,0.0,0.0,0.0,0.0,0.0,0.0,0.0,0.0,0,0.0,0.0,6.0,0.0,0.0
Mads Hermansen,dk DEN,GK,Leicester City,24,2000,27,27,2385,0,0,0,0,0.0,0.0,0.0,0.0,0,1,0,1,0,0.0,0.0,0.0,0.0,0.0,0.0,0.0,0.0,0,0.0,0.0,88.3,100.0,0.1
Rico Henry,eng ENG,DF,Brentford,27,1997,5,0,99,0,0,0,0,0.0,0.0,0.0,0.0,0,4,5,0,0,0.0,0.0,0.0,0.0,0.0,0.0,0.0,0.0,0,0.0,0.0,19.8,0.0,0.4
Antonín Kinský,cz CZE,GK,Tottenham,21,2003,6,6,540,0,0,0,0,0.0,0.0,0.1,0.1,1,1,0,0,0,0.0,0.0,0.0,0.0,0.01,0.0,0.0,0.01,0,0.0,-0.1,90.0,100.0,0.2
